Index,src_file,game_name,domain_name,length_of_then,num_preferences,setup_objects_quantified,preference_objects_quantified,terminal_exists,object_types_referenced,predicates_referenced,max_depth,ast_nodes,setup_nodes,type_to_pred_counts
0,interactive-beta.pddl,game-0,medium-objects-room-v1,"[3, 3]",2,[2],"[3, 1]",True,"{'hexagonal_bin': 3, 'triangular_ramp': 2, 'ball': 1, 'upright': 2, 'agent': 1}","{'near': 1, 'agent_holds': 3, 'in_motion': 2, 'touch': 2, 'in': 1, 'object_orientation': 2}",13,131,17.0,"{'hexagonal_bin': {'near': 1, 'in': 1, 'object_orientation': 2, 'touch': 1, 'agent_holds': 1}, 'triangular_ramp': {'near': 1, 'touch': 1}, 'ball': {'agent_holds': 2, 'in_motion': 2, 'touch': 1, 'in': 1}, 'upright': {'object_orientation': 2}, 'agent': {'touch': 1}}"
1,interactive-beta.pddl,game-2,many-objects-room-v1,"[3, 3]",2,,"[2, 1]",True,"{'top_drawer': 3, 'dodgeball': 3, 'golfball': 4, 'hexagonal_bin': 3, 'door': 1, 'agent': 1}","{'open': 1, 'agent_holds': 4, 'adjacent': 1, 'in_motion': 4, 'in': 1}",14,173,8.0,"{'top_drawer': {'open': 1, 'in': 1}, 'dodgeball': {'agent_holds': 4, 'in_motion': 4, 'in': 1}, 'golfball': {'agent_holds': 4, 'in_motion': 4, 'in': 1}, 'door': {'adjacent': 1}, 'agent': {'adjacent': 1}, 'hexagonal_bin': {'in': 1}}"
2,interactive-beta.pddl,game-3,many-objects-room-v1,,1,,"[1, 1]",,"{'building': 1, 'block': 1}",{'in': 1},9,27,,"{'building': {'in': 1}, 'block': {'in': 1}}"
3,interactive-beta.pddl,game-5,few-objects-room-v1,[3],1,,[2],,"{'dodgeball': 1, 'hexagonal_bin': 1}","{'agent_holds': 2, 'distance': 1, 'in_motion': 2, 'in': 1}",13,65,,"{'dodgeball': {'agent_holds': 2, 'in_motion': 2, 'in': 1}, 'hexagonal_bin': {'distance': 1, 'in': 1}, 'agent': {'distance': 1}}"
4,interactive-beta.pddl,game-6,medium-objects-room-v1,"[3, 3]",2,"[1, 1]","[1, 1, 2]",,"{'hexagonal_bin': 3, 'bed': 2, 'teddy_bear': 1, 'pillow': 1, 'ball': 2, 'desk': 2, 'agent': 2, 'dodgeball': 1, 'basketball': 1, 'beachball': 1}","{'adjacent': 3, 'on': 1, 'agent_holds': 4, 'in_motion': 4, 'in': 2}",15,200,36.0,"{'hexagonal_bin': {'adjacent': 1, 'in': 2}, 'bed': {'adjacent': 1, 'on': 1}, 'teddy_bear': {'on': 1}, 'pillow': {'on': 1}, 'ball': {'agent_holds': 4, 'in_motion': 4, 'in': 2}, 'desk': {'adjacent': 2}, 'agent': {'adjacent': 2}}"
5,interactive-beta.pddl,game-8,few-objects-room-v1,"[3, 3]",2,[1],"[2, 1]",True,"{'curved_wooden_ramp': 2, 'floor': 1, 'dodgeball': 2}","{'on': 2, 'agent_holds': 4, 'distance_side': 4, 'in_motion': 4}",13,210,15.0,"{'floor': {'on': 1}, 'curved_wooden_ramp': {'on': 2, 'distance_side': 4}, 'dodgeball': {'agent_holds': 4, 'in_motion': 4, 'on': 1, 'distance_side': 2}, 'front': {'distance_side': 2}, 'agent': {'distance_side': 2}, 'back': {'distance_side': 2}}"
6,interactive-beta.pddl,game-9,many-objects-room-v1,"[3, 3]",2,[1],"[2, 2]",,"{'hexagonal_bin': 3, 'bed': 3, 'dodgeball': 2, 'agent': 2, 'floor': 2}","{'on': 3, 'adjacent': 5, 'agent_holds': 4, 'opposite': 2, 'in_motion': 4, 'touch': 2, 'in': 2}",17,222,28.0,"{'bed': {'on': 3}, 'hexagonal_bin': {'on': 3, 'adjacent': 3, 'in': 2}, 'wall': {'adjacent': 5, 'opposite': 4}, 'dodgeball': {'agent_holds': 4, 'in_motion': 4, 'touch': 2, 'in': 2}, 'agent': {'adjacent': 2}, 'floor': {'touch': 2}}"
7,interactive-beta.pddl,game-10,medium-objects-room-v1,"[3, 3]",2,,"[2, 1]",True,"{'teddy_bear': 2, 'pillow': 1}","{'agent_holds': 4, 'in_motion': 4, 'on': 1}",13,98,,"{'teddy_bear': {'agent_holds': 4, 'in_motion': 4, 'on': 1}, 'pillow': {'on': 1}}"
8,interactive-beta.pddl,game-11,many-objects-room-v1,,3,,"[1, 1, 1, 1]",,"{'building': 1, 'block': 4, 'floor': 2, 'pyramid_block': 1}","{'in': 3, 'on': 3, 'same_type': 2, 'touch': 2}",19,150,,"{'building': {'in': 3}, 'block': {'in': 2, 'on': 3, 'same_type': 2, 'touch': 1}, 'floor': {'on': 2}, 'game_object': {'same_type': 2, 'touch': 2}, 'pyramid_block': {'in': 1, 'on': 1, 'touch': 1}}"
9,interactive-beta.pddl,game-12,medium-objects-room-v1,[3],1,[1],[3],,"{'hexagonal_bin': 2, 'room_center': 1, 'triangular_ramp': 1, 'dodgeball': 1, 'door': 1, 'agent': 1}","{'near': 1, 'agent_holds': 2, 'adjacent': 1, 'agent_crouches': 1, 'in_motion': 2, 'touch': 1, 'in': 1}",13,87,15.0,"{'room_center': {'near': 1}, 'hexagonal_bin': {'near': 1, 'in': 1}, 'dodgeball': {'agent_holds': 2, 'in_motion': 2, 'touch': 1, 'in': 1}, 'door': {'adjacent': 1}, 'agent': {'adjacent': 1}, 'triangular_ramp': {'touch': 1}}"
10,interactive-beta.pddl,game-13,many-objects-room-v1,[3],1,[2],"[1, 2]",,"{'hexagonal_bin': 2, 'triangular_ramp': 2, 'room_center': 1, 'dodgeball': 2, 'golfball': 2, 'door': 1, 'agent': 1}","{'distance': 1, 'near': 1, 'agent_holds': 2, 'adjacent': 1, 'agent_crouches': 1, 'in_motion': 2, 'touch': 1, 'in': 1}",15,129,30.0,"{'hexagonal_bin': {'distance': 1, 'in': 1}, 'triangular_ramp': {'distance': 1, 'near': 1, 'touch': 1}, 'room_center': {'near': 1}, 'dodgeball': {'agent_holds': 2, 'in_motion': 2, 'touch': 1, 'in': 1}, 'golfball': {'agent_holds': 2, 'in_motion': 2, 'touch': 1, 'in': 1}, 'door': {'adjacent': 1}, 'agent': {'adjacent': 1}}"
11,interactive-beta.pddl,game-14,medium-objects-room-v1,"[3, 3]",2,,"[2, 1]",True,"{'ball': 2, 'hexagonal_bin': 1, 'rug': 1, 'agent': 1}","{'on': 1, 'agent_holds': 4, 'in_motion': 4, 'in': 1}",13,107,,"{'rug': {'on': 1}, 'agent': {'on': 1}, 'ball': {'agent_holds': 4, 'in_motion': 4, 'in': 1}, 'hexagonal_bin': {'in': 1}}"
12,interactive-beta.pddl,game-15,few-objects-room-v1,"[3, 3]",2,"[2, 1, 1]","[5, 1]",True,"{'hexagonal_bin': 2, 'building': 2, 'bed': 1, 'upside_down': 1, 'cube_block': 3, 'dodgeball': 2, 'chair': 1, 'agent': 2}","{'adjacent': 2, 'object_orientation': 1, 'on': 8, 'in': 2, 'agent_holds': 5, 'in_motion': 6, 'touch': 1}",15,234,92.0,"{'hexagonal_bin': {'adjacent': 1, 'object_orientation': 1, 'on': 5}, 'bed': {'adjacent': 1}, 'upside_down': {'object_orientation': 1}, 'building': {'on': 2, 'in': 2}, 'cube_block': {'in': 2, 'on': 9, 'agent_holds': 1, 'touch': 1, 'in_motion': 2}, 'dodgeball': {'agent_holds': 4, 'in_motion': 4}, 'chair': {'adjacent': 1}, 'agent': {'adjacent': 1, 'touch': 1}}"
13,interactive-beta.pddl,game-16,few-objects-room-v1,[3],1,[3],[3],,"{'curved_wooden_ramp': 2, 'hexagonal_bin': 2, 'block': 1, 'front': 1, 'back': 1, 'floor': 2, 'left': 1, 'right': 1, 'dodgeball': 1}","{'adjacent_side': 3, 'on': 5, 'agent_holds': 2, 'in_motion': 2, 'in': 1}",13,122,62.0,"{'hexagonal_bin': {'adjacent_side': 3, 'in': 1}, 'front': {'adjacent_side': 1}, 'curved_wooden_ramp': {'adjacent_side': 1, 'on': 1}, 'back': {'adjacent_side': 1}, 'floor': {'on': 2}, 'block': {'on': 6, 'adjacent_side': 2}, 'left': {'adjacent_side': 1}, 'right': {'adjacent_side': 1}, 'dodgeball': {'agent_holds': 2, 'in_motion': 2, 'on': 1, 'in': 1}}"
14,interactive-beta.pddl,game-17,medium-objects-room-v1,,1,,[5],,"{'bridge_block': 1, 'flat_block': 1, 'tall_cylindrical_block': 1, 'cube_block': 1, 'pyramid_block': 1}",{'on': 4},9,53,,"{'bridge_block': {'on': 1}, 'flat_block': {'on': 2}, 'tall_cylindrical_block': {'on': 2}, 'cube_block': {'on': 2}, 'pyramid_block': {'on': 1}}"
15,interactive-beta.pddl,game-19,medium-objects-room-v1,"[3, 3, 3]",3,[1],"[2, 1, 1, 1]",True,"{'ball': 4, 'door': 3, 'doggie_bed': 5, 'hexagonal_bin': 4, 'agent': 2, 'dodgeball': 3, 'beachball': 3, 'basketball': 3}","{'near': 3, 'agent_holds': 6, 'in_motion': 6, 'in': 1, 'on': 1}",15,302,15.0,"{'door': {'near': 3}, 'ball': {'near': 1, 'agent_holds': 6, 'in_motion': 6, 'in': 1, 'on': 1}, 'agent': {'near': 2}, 'doggie_bed': {'in': 1, 'on': 1}, 'hexagonal_bin': {'in': 1}}"
16,interactive-beta.pddl,game-20,medium-objects-room-v1,"[4, 4]",3,,"[1, 1, 2, 2]",,"{'building': 2, 'block': 3, 'dodgeball': 1}","{'in': 5, 'agent_holds': 6, 'in_motion': 6, 'touch': 2}",15,190,,"{'building': {'in': 5, 'touch': 1}, 'block': {'in': 5, 'in_motion': 5, 'agent_holds': 4, 'touch': 2}, 'dodgeball': {'agent_holds': 2, 'in_motion': 1, 'touch': 1}}"
17,interactive-beta.pddl,game-21,few-objects-room-v1,"[3, 3, 3, 3]",4,[1],"[2, 1, 2, 1]",True,"{'chair': 2, 'room_center': 1, 'desk': 5, 'bed': 3, 'dodgeball': 4, 'hexagonal_bin': 1, 'agent': 4}","{'near': 1, 'faces': 2, 'agent_holds': 8, 'adjacent': 4, 'in_motion': 8, 'in': 2, 'on': 4, 'is_setup_object': 2}",17,326,33.0,"{'room_center': {'near': 1}, 'chair': {'near': 1, 'faces': 2, 'on': 2, 'is_setup_object': 2}, 'desk': {'faces': 1, 'adjacent': 4}, 'bed': {'faces': 1, 'on': 2}, 'dodgeball': {'agent_holds': 8, 'in_motion': 8, 'in': 2, 'on': 4}, 'agent': {'adjacent': 4}, 'hexagonal_bin': {'in': 2}}"
18,interactive-beta.pddl,game-22,medium-objects-room-v1,"[3, 3]",2,"[1, 1]","[2, 1, 1]",True,"{'hexagonal_bin': 2, 'bed': 1, 'ball': 3, 'rug': 3, 'desk': 1, 'red': 4, 'yellow': 4, 'pink': 4, 'agent': 3, 'dodgeball': 3, 'basketball': 3, 'beachball': 3}","{'adjacent': 1, 'on': 4, 'agent_holds': 4, 'rug_color_under': 1, 'in_motion': 4, 'in': 1}",15,304,49.0,"{'bed': {'adjacent': 1}, 'hexagonal_bin': {'adjacent': 1, 'in': 1}, 'rug': {'on': 3}, 'ball': {'on': 1, 'agent_holds': 4, 'in_motion': 4, 'in': 1}, 'desk': {'on': 1}, 'game_object': {'on': 1}, 'agent': {'on': 2, 'rug_color_under': 1}, 'red': {'rug_color_under': 1}, 'yellow': {'rug_color_under': 1}, 'pink': {'rug_color_under': 1}}"
19,interactive-beta.pddl,game-23,few-objects-room-v1,"[3, 3]",2,,"[2, 1]",,"{'dodgeball': 2, 'hexagonal_bin': 1}","{'agent_holds': 4, 'in_motion': 4, 'in': 1}",13,105,,"{'dodgeball': {'agent_holds': 4, 'in_motion': 4, 'in': 1}, 'hexagonal_bin': {'in': 1}}"
20,interactive-beta.pddl,game-24,few-objects-room-v1,[3],1,[2],"[2, 1]",True,"{'chair': 1, 'hexagonal_bin': 2, 'dodgeball': 1, 'color': 1, 'rug': 1, 'agent': 2, 'dodgeball_blue': 6, 'red': 2, 'dodgeball_pink': 6, 'pink': 2, 'orange': 2, 'green': 2, 'purple': 2, 'yellow': 2}","{'on': 2, 'agent_holds': 2, 'rug_color_under': 1, 'in_motion': 2, 'in': 1}",15,260,17.0,"{'chair': {'on': 1}, 'hexagonal_bin': {'on': 1, 'in': 1}, 'dodgeball': {'agent_holds': 2, 'in_motion': 2, 'in': 1}, 'rug': {'on': 1}, 'agent': {'on': 1, 'rug_color_under': 1}, 'color': {'rug_color_under': 1}}"
21,interactive-beta.pddl,game-27,few-objects-room-v1,,5,"[1, 1]","[2, 2, 2, 2, 1]",,"{'dodgeball': 2, 'cube_block': 2, 'main_light_switch': 2, 'desktop': 2, 'hexagonal_bin': 1, 'shelf': 2, 'west_wall': 1, 'laptop': 2, 'book': 1, 'south_wall': 1, 'cellphone': 1, 'key_chain': 1, 'drawer': 1}","{'on': 3, 'toggled_on': 3, 'in': 2, 'adjacent': 2}",12,194,47.0,"{'shelf': {'on': 3, 'adjacent': 2}, 'dodgeball': {'on': 1, 'in': 1}, 'cube_block': {'on': 2}, 'main_light_switch': {'toggled_on': 2}, 'desktop': {'toggled_on': 2}, 'hexagonal_bin': {'in': 1}, 'west_wall': {'adjacent': 1}, 'south_wall': {'adjacent': 1}, 'laptop': {'on': 1, 'toggled_on': 1}, 'book': {'on': 1}, 'drawer': {'in': 1}, 'cellphone': {'in': 1}, 'key_chain': {'in': 1}}"
22,interactive-beta.pddl,game-28,few-objects-room-v1,"[3, 3]",2,[1],"[1, 2, 1]",True,"{'cube_block': 2, 'rug': 5, 'color': 1, 'dodgeball': 2, 'agent': 2, 'bed': 1, 'west_wall': 1, 'red': 1, 'green': 1, 'pink': 1, 'yellow': 1, 'purple': 1}","{'on': 4, 'agent_holds': 4, 'in_motion': 2, 'touch': 4, 'rug_color_under': 1, 'above': 1}",15,238,15.0,"{'rug': {'on': 4, 'above': 1}, 'cube_block': {'on': 2, 'touch': 2, 'rug_color_under': 1}, 'dodgeball': {'agent_holds': 4, 'in_motion': 2, 'touch': 4, 'above': 1}, 'agent': {'on': 2}, 'color': {'rug_color_under': 1}, 'bed': {'touch': 1}, 'west_wall': {'touch': 1}}"
23,interactive-beta.pddl,game-29,few-objects-room-v1,,1,,[1],,"{'game_object': 1, 'pillow': 1, 'bed': 1}","{'same_type': 1, 'on': 1}",11,30,,"{'game_object': {'same_type': 1, 'on': 1}, 'pillow': {'same_type': 1}, 'bed': {'on': 1}}"
24,interactive-beta.pddl,game-31,few-objects-room-v1,[4],1,"[1, 1]","[1, 2]",,"{'hexagonal_bin': 2, 'desk': 1, 'alarm_clock': 2, 'cellphone': 2, 'mug': 2, 'key_chain': 2, 'cd': 2, 'book': 2, 'ball': 2, 'side_table': 3, 'bed': 3, 'rug': 1, 'agent': 1}","{'adjacent': 2, 'on': 4, 'agent_holds': 2, 'in_motion': 2, 'in': 1}",15,160,60.0,"{'desk': {'adjacent': 1}, 'hexagonal_bin': {'adjacent': 2, 'in': 1}, 'cube_block': {'adjacent': 1}, 'side_table': {'on': 2}, 'alarm_clock': {'on': 3, 'agent_holds': 2, 'in_motion': 2, 'in': 1}, 'cellphone': {'on': 3, 'agent_holds': 2, 'in_motion': 2, 'in': 1}, 'mug': {'on': 3, 'agent_holds': 2, 'in_motion': 2, 'in': 1}, 'key_chain': {'on': 3, 'agent_holds': 2, 'in_motion': 2, 'in': 1}, 'cd': {'on': 3, 'agent_holds': 2, 'in_motion': 2, 'in': 1}, 'book': {'on': 3, 'agent_holds': 2, 'in_motion': 2, 'in': 1}, 'ball': {'on': 3, 'agent_holds': 2, 'in_motion': 2, 'in': 1}, 'bed': {'on': 2}, 'rug': {'on': 1}, 'agent': {'on': 1}}"
25,interactive-beta.pddl,game-32,many-objects-room-v1,"[3, 3, 3, 3]",4,"[1, 2]","[1, 1, 2]",True,"{'cube_block': 2, 'cylindrical_block': 2, 'pyramid_block': 2, 'desk': 4, 'wall': 1, 'hexagonal_bin': 2, 'dodgeball': 3, 'golfball': 3, 'building': 1, 'agent': 1}","{'on': 7, 'adjacent': 2, 'agent_holds': 8, 'in_motion': 7, 'in': 2, 'touch': 1, 'game_start': 1, 'game_over': 1}",17,330,73.0,"{'desk': {'on': 4}, 'cube_block': {'on': 9, 'in': 1, 'agent_holds': 1, 'touch': 1, 'in_motion': 2}, 'cylindrical_block': {'on': 9, 'in': 1, 'agent_holds': 1, 'touch': 1, 'in_motion': 2}, 'pyramid_block': {'on': 9, 'in': 1, 'agent_holds': 1, 'touch': 1, 'in_motion': 2}, 'hexagonal_bin': {'adjacent': 2, 'in': 1}, 'wall': {'adjacent': 2}, 'dodgeball': {'agent_holds': 7, 'in_motion': 5, 'in': 1}, 'golfball': {'agent_holds': 7, 'in_motion': 5, 'in': 1}, 'building': {'on': 1, 'in': 1}, 'agent': {'touch': 1}}"
26,interactive-beta.pddl,game-33,many-objects-room-v1,,1,[1],[1],,"{'game_object': 2, 'top_drawer': 3}","{'in': 2, 'open': 1}",11,46,17.0,"{'top_drawer': {'in': 2, 'open': 1}, 'game_object': {'in': 2}}"
27,interactive-beta.pddl,game-35,few-objects-room-v1,"[3, 3, 3]",3,,"[1, 1, 3, 2]",True,"{'book': 2, 'dodgeball': 4, 'hexagonal_bin': 3, 'game_object': 1, 'floor': 1, 'wall': 1}","{'agent_holds': 6, 'in_motion': 6, 'touch': 2, 'in': 3}",17,225,,"{'book': {'agent_holds': 2, 'in_motion': 2, 'touch': 1, 'in': 1}, 'dodgeball': {'agent_holds': 6, 'in_motion': 6, 'touch': 2, 'in': 3}, 'game_object': {'touch': 2}, 'floor': {'touch': 2}, 'wall': {'touch': 2}, 'hexagonal_bin': {'in': 3}}"
28,interactive-beta.pddl,game-36,few-objects-room-v1,"[3, 3]",2,"[1, 1]","[2, 1]",True,"{'hexagonal_bin': 2, 'bed': 1, 'dodgeball': 3, 'desk': 2, 'agent': 1}","{'on': 2, 'agent_holds': 4, 'adjacent': 1, 'in_motion': 4, 'in': 1}",13,139,32.0,"{'bed': {'on': 1}, 'hexagonal_bin': {'on': 1, 'in': 1}, 'desk': {'on': 1, 'adjacent': 1}, 'dodgeball': {'on': 1, 'agent_holds': 4, 'in_motion': 4, 'in': 1}, 'agent': {'adjacent': 1}}"
29,interactive-beta.pddl,game-37,many-objects-room-v1,"[3, 3]",2,,"[3, 1]",True,"{'dodgeball': 2, 'hexagonal_bin': 1, 'wall': 1, 'agent': 1}","{'agent_holds': 4, 'adjacent': 2, 'opposite': 1, 'in_motion': 4, 'in': 1}",13,119,,"{'dodgeball': {'agent_holds': 4, 'in_motion': 4, 'in': 1}, 'agent': {'adjacent': 1}, 'wall': {'adjacent': 2, 'opposite': 2}, 'hexagonal_bin': {'adjacent': 1, 'in': 1}}"
30,interactive-beta.pddl,game-38,medium-objects-room-v1,[3],1,,[2],,"{'dodgeball': 1, 'hexagonal_bin': 1, 'desk': 1, 'agent': 1}","{'agent_holds': 2, 'adjacent': 1, 'in_motion': 2, 'in': 1}",13,66,,"{'dodgeball': {'agent_holds': 2, 'in_motion': 2, 'in': 1}, 'desk': {'adjacent': 1}, 'agent': {'adjacent': 1}, 'hexagonal_bin': {'in': 1}}"
31,interactive-beta.pddl,game-39,many-objects-room-v1,[3],1,,[2],,"{'ball': 1, 'wall': 1, 'agent': 1}","{'agent_holds': 3, 'in_motion': 1, 'touch': 2}",13,56,,"{'ball': {'agent_holds': 3, 'in_motion': 1, 'touch': 2}, 'wall': {'touch': 1}, 'agent': {'touch': 1}}"
32,interactive-beta.pddl,game-40,many-objects-room-v1,[3],1,[1],"[1, 2]",,"{'curved_wooden_ramp': 2, 'rug': 2, 'color': 1, 'beachball': 1, 'pink': 1, 'yellow': 1, 'orange': 1, 'green': 1, 'purple': 1, 'white': 1}","{'adjacent': 1, 'agent_holds': 2, 'in_motion': 2, 'on': 2, 'rug_color_under': 1}",15,147,15.0,"{'curved_wooden_ramp': {'adjacent': 1, 'on': 1}, 'rug': {'adjacent': 1, 'on': 1}, 'beachball': {'agent_holds': 2, 'in_motion': 2, 'on': 2, 'rug_color_under': 1}, 'color': {'rug_color_under': 1}}"
33,interactive-beta.pddl,game-41,many-objects-room-v1,[3],1,"[1, 1, 1]","[1, 1]",True,"{'wall': 2, 'bridge_block': 3, 'floor': 1, 'game_object': 2}","{'opposite': 1, 'on': 1, 'distance': 8, 'same_type': 2, 'agent_holds': 2, 'in_motion': 3}",15,174,76.0,"{'wall': {'opposite': 2, 'distance': 8}, 'floor': {'on': 1}, 'bridge_block': {'on': 1, 'distance': 2, 'same_type': 2}, 'game_object': {'same_type': 2, 'distance': 6, 'agent_holds': 2, 'in_motion': 3}}"
34,interactive-beta.pddl,game-42,few-objects-room-v1,"[3, 3]",2,"[1, 1, 1]","[2, 1]",True,"{'hexagonal_bin': 2, 'game_object': 1, 'dodgeball': 3, 'agent': 1}","{'same_object': 1, 'near': 1, 'distance': 2, 'agent_holds': 4, 'adjacent': 1, 'in_motion': 4, 'in': 1}",14,168,62.0,"{'hexagonal_bin': {'same_object': 1, 'near': 1, 'distance': 2, 'in': 1}, 'game_object': {'same_object': 1, 'near': 1}, 'dodgeball': {'distance': 2, 'agent_holds': 4, 'adjacent': 1, 'in_motion': 4, 'in': 1}, 'agent': {'adjacent': 1}}"
35,interactive-beta.pddl,game-43,medium-objects-room-v1,"[3, 3]",2,[1],"[1, 1, 2]",,"{'doggie_bed': 3, 'room_center': 1, 'ball': 1, 'wall': 1, 'basketball': 2, 'beachball': 2, 'dodgeball': 2}","{'near': 1, 'agent_holds': 4, 'in_motion': 4, 'touch': 2, 'on': 2}",17,199,15.0,"{'room_center': {'near': 1}, 'doggie_bed': {'near': 1, 'on': 2, 'agent_holds': 1}, 'ball': {'agent_holds': 3, 'in_motion': 4, 'touch': 2, 'on': 2}, 'wall': {'touch': 2}}"
36,interactive-beta.pddl,game-45,many-objects-room-v1,"[3, 3]",2,[1],"[1, 2, 1]",True,"{'teddy_bear': 2, 'floor': 1, 'bed': 3, 'golfball': 2, 'dodgeball': 2, 'sliding_door': 2, 'desk': 2, 'agent': 4}","{'on': 2, 'equal_z_position': 3, 'agent_holds': 4, 'adjacent': 4, 'in_motion': 4, 'touch': 1}",15,201,34.0,"{'floor': {'on': 1}, 'teddy_bear': {'on': 2, 'equal_z_position': 4, 'touch': 1, 'in_motion': 1}, 'bed': {'on': 1, 'equal_z_position': 2}, 'golfball': {'agent_holds': 4, 'in_motion': 3, 'touch': 1}, 'dodgeball': {'agent_holds': 4, 'in_motion': 3, 'touch': 1}, 'desk': {'adjacent': 2}, 'agent': {'adjacent': 4}, 'sliding_door': {'adjacent': 2}}"
37,interactive-beta.pddl,game-46,few-objects-room-v1,"[3, 3]",2,[1],"[2, 2]",,"{'curved_wooden_ramp': 3, 'room_center': 1, 'dodgeball_pink': 2, 'agent': 3, 'bed': 1}","{'near': 1, 'agent_holds': 5, 'faces': 2, 'in_motion': 3, 'touch': 3, 'on': 1}",13,153,15.0,"{'room_center': {'near': 1}, 'curved_wooden_ramp': {'near': 1, 'faces': 2, 'touch': 2}, 'dodgeball_pink': {'agent_holds': 5, 'in_motion': 3, 'touch': 3, 'on': 1}, 'agent': {'faces': 2, 'touch': 1}, 'bed': {'on': 1}}"
38,interactive-beta.pddl,game-47,many-objects-room-v1,[3],1,,"[1, 2]",,"{'color': 1, 'beachball': 1, 'triangular_ramp_green': 1, 'rug': 2, 'agent': 2, 'red': 1, 'pink': 1, 'green': 1}","{'agent_holds': 2, 'on': 2, 'faces': 1, 'in_motion': 2, 'touch': 1, 'rug_color_under': 1}",15,115,,"{'beachball': {'agent_holds': 2, 'in_motion': 2, 'touch': 1, 'on': 1, 'rug_color_under': 1}, 'rug': {'on': 2}, 'agent': {'on': 1, 'faces': 1}, 'triangular_ramp_green': {'faces': 1, 'touch': 1}, 'color': {'rug_color_under': 1}}"
39,interactive-beta.pddl,game-48,medium-objects-room-v1,"[3, 3]",5,[2],"[1, 2, 2, 2, 1, 1]",,"{'building': 2, 'hexagonal_bin': 2, 'room_center': 1, 'dodgeball': 2, 'basketball': 2, 'beachball': 2, 'desktop': 1, 'laptop': 1, 'pillow': 1, 'doggie_bed': 1, 'teddy_bear': 1, 'alarm_clock': 1, 'cellphone': 1, 'drawer': 2, 'blinds': 2, 'game_object': 1, 'ball': 1}","{'in': 5, 'building_size': 1, 'on': 4, 'near': 1, 'agent_holds': 2, 'in_motion': 5, 'open': 1, 'same_type': 3}",15,319,54.0,"{'building': {'in': 3, 'building_size': 1, 'near': 1, 'on': 1}, 'hexagonal_bin': {'in': 3, 'on': 3}, 'game_object': {'in': 1, 'on': 1, 'in_motion': 3, 'same_type': 3}, 'room_center': {'near': 1}, 'dodgeball': {'agent_holds': 2, 'in_motion': 2, 'in': 1, 'on': 1}, 'basketball': {'agent_holds': 2, 'in_motion': 2, 'in': 1, 'on': 1}, 'beachball': {'agent_holds': 2, 'in_motion': 2, 'in': 1, 'on': 1}, 'desktop': {'on': 1}, 'laptop': {'on': 1}, 'pillow': {'on': 1}, 'doggie_bed': {'on': 1}, 'teddy_bear': {'on': 1}, 'drawer': {'in': 1, 'same_type': 1}, 'alarm_clock': {'in': 1}, 'cellphone': {'in': 1}, 'blinds': {'open': 1, 'same_type': 1}, 'ball': {'same_type': 1}}"
40,interactive-beta.pddl,game-49,many-objects-room-v1,"[3, 3]",2,"[1, 1]","[1, 2, 1]",True,"{'golfball_green': 3, 'door': 3, 'dodgeball': 2, 'hexagonal_bin': 1, 'agent': 4}","{'near': 2, 'adjacent': 4, 'agent_holds': 4, 'in_motion': 4, 'in': 1}",15,182,31.0,"{'door': {'near': 1, 'adjacent': 2}, 'golfball_green': {'near': 2, 'adjacent': 2}, 'dodgeball': {'near': 1, 'agent_holds': 4, 'in_motion': 4, 'in': 1}, 'agent': {'adjacent': 4}, 'hexagonal_bin': {'in': 1}}"
41,interactive-beta.pddl,game-50,medium-objects-room-v1,[3],1,[1],[2],,"{'hexagonal_bin': 2, 'room_center': 1, 'game_object': 1}","{'near': 1, 'agent_holds': 2, 'in_motion': 2, 'in': 1}",13,67,15.0,"{'room_center': {'near': 1}, 'hexagonal_bin': {'near': 1, 'in': 1}, 'game_object': {'agent_holds': 2, 'in_motion': 2, 'in': 1}}"
42,interactive-beta.pddl,game-51,few-objects-room-v1,[3],1,,[2],,"{'dodgeball': 1, 'hexagonal_bin': 1}","{'agent_holds': 2, 'in_motion': 2, 'in': 1}",13,52,,"{'dodgeball': {'agent_holds': 2, 'in_motion': 2, 'in': 1}, 'hexagonal_bin': {'in': 1}}"
43,interactive-beta.pddl,game-52,few-objects-room-v1,[3],1,,[1],,"{'cube_block': 1, 'rug': 3, 'agent': 3, 'desk': 1}","{'on': 4, 'agent_holds': 2, 'in_motion': 3, 'broken': 1}",17,94,,"{'rug': {'on': 3}, 'agent': {'on': 3}, 'cube_block': {'agent_holds': 2, 'in_motion': 2, 'on': 1}, 'lamp': {'broken': 1, 'in_motion': 1}, 'desktop': {'broken': 1, 'in_motion': 1}, 'laptop': {'broken': 1, 'in_motion': 1}, 'desk': {'on': 1}}"
44,interactive-beta.pddl,game-53,few-objects-room-v1,,3,,"[3, 2, 2]",,"{'dodgeball': 1, 'hexagonal_bin': 1, 'wall': 1, 'cube_block': 1, 'shelf': 1, 'cellphone': 1, 'key_chain': 1, 'mug': 1, 'credit_card': 1, 'cd': 1, 'watch': 1, 'alarm_clock': 1, 'drawer': 1}","{'in': 2, 'adjacent': 2, 'on': 1}",9,106,,"{'hexagonal_bin': {'in': 1, 'adjacent': 2}, 'dodgeball': {'in': 1}, 'wall': {'adjacent': 2}, 'shelf': {'on': 1}, 'cube_block': {'on': 1}, 'drawer': {'in': 1}, 'cellphone': {'in': 1}, 'key_chain': {'in': 1}, 'mug': {'in': 1}, 'credit_card': {'in': 1}, 'cd': {'in': 1}, 'watch': {'in': 1}, 'alarm_clock': {'in': 1}}"
45,interactive-beta.pddl,game-54,few-objects-room-v1,"[4, 3]",2,,"[1, 1, 1]",True,"{'building': 1, 'cube_block': 2}","{'agent_holds': 5, 'in': 2, 'game_over': 1}",15,100,,"{'cube_block': {'agent_holds': 5, 'in': 2}, 'building': {'in': 2}}"
46,interactive-beta.pddl,game-55,few-objects-room-v1,[5],1,[1],[2],,"{'hexagonal_bin': 2, 'room_center': 1, 'game_object': 1}","{'near': 1, 'game_start': 1, 'agent_holds': 3, 'in_motion': 2, 'in': 1}",13,80,15.0,"{'room_center': {'near': 1}, 'hexagonal_bin': {'near': 1, 'in': 1}, 'game_object': {'agent_holds': 3, 'in_motion': 2, 'in': 1}}"
47,interactive-beta.pddl,game-56,few-objects-room-v1,"[3, 3]",2,,"[2, 1]",True,"{'dodgeball': 2, 'hexagonal_bin': 1, 'door': 1, 'agent': 1}","{'agent_holds': 4, 'adjacent': 1, 'in_motion': 4, 'in': 1}",13,107,,"{'dodgeball': {'agent_holds': 4, 'in_motion': 4, 'in': 1}, 'door': {'adjacent': 1}, 'agent': {'adjacent': 1}, 'hexagonal_bin': {'in': 1}}"
48,interactive-beta.pddl,game-57,medium-objects-room-v1,,6,,"[2, 2, 2, 1, 2, 2]",,"{'book': 1, 'shelf_desk': 2, 'pencil': 1, 'pen': 1, 'cd': 2, 'dodgeball': 1, 'basketball': 1, 'hexagonal_bin': 1, 'beachball': 1, 'rug': 1, 'cellphone': 1, 'key_chain': 1, 'drawer': 1, 'watch': 1, 'shelf': 1}","{'on': 6, 'in': 2}",13,174,,"{'shelf_desk': {'on': 4}, 'book': {'on': 2}, 'pencil': {'on': 2}, 'pen': {'on': 2}, 'cd': {'on': 2, 'in': 1}, 'hexagonal_bin': {'in': 1}, 'dodgeball': {'in': 1}, 'basketball': {'in': 1}, 'rug': {'on': 1}, 'beachball': {'on': 1}, 'drawer': {'in': 1}, 'cellphone': {'in': 1}, 'key_chain': {'in': 1}, 'shelf': {'on': 1}, 'watch': {'on': 1}}"
49,interactive-beta.pddl,game-58,medium-objects-room-v1,"[3, 4]",3,"[2, 1]","[1, 2, 1]",,"{'block': 3, 'shelf': 1, 'building': 3}","{'on': 3, 'building_size': 1, 'in': 9, 'same_object': 1, 'same_type': 3, 'game_start': 1, 'is_setup_object': 4, 'agent_holds': 5, 'in_motion': 3, 'touch': 1}",20,319,79.0,"{'shelf': {'on': 1}, 'block': {'on': 5, 'in': 9, 'same_object': 2, 'same_type': 6, 'agent_holds': 5, 'in_motion': 3, 'touch': 2}, 'building': {'building_size': 1, 'in': 9, 'is_setup_object': 4}}"
50,interactive-beta.pddl,game-59,many-objects-room-v1,[3],1,[1],"[1, 1]",,"{'hexagonal_bin': 2, 'door': 1, 'golfball': 2, 'dodgeball': 2, 'beachball': 2}","{'near': 1, 'agent_holds': 2, 'in_motion': 2, 'in': 1}",15,107,15.0,"{'door': {'near': 1}, 'hexagonal_bin': {'near': 1, 'in': 1}, 'golfball': {'agent_holds': 2, 'in_motion': 2, 'in': 1}, 'dodgeball': {'agent_holds': 2, 'in_motion': 2, 'in': 1}, 'beachball': {'agent_holds': 2, 'in_motion': 2, 'in': 1}}"
51,interactive-beta.pddl,game-61,many-objects-room-v1,[3],2,,"[1, 2, 3]",,"{'rug': 1, 'floor': 1, 'pyramid_block': 1, 'dodgeball': 1, 'hexagonal_bin': 1, 'agent': 1, 'building': 1, 'cube_block': 1, 'flat_block': 1, 'pyramid_block_yellow': 1, 'pyramid_block_red': 1, 'pyramid_block_blue': 2}","{'on': 2, 'distance': 4, 'agent_holds': 2, 'adjacent': 1, 'in_motion': 2, 'in': 3, 'is_setup_object': 1}",15,247,72.0,"{'rug': {'on': 1}, 'flat_block': {'on': 1, 'is_setup_object': 1, 'in': 1}, 'floor': {'on': 1}, 'pyramid_block': {'on': 1, 'adjacent': 1}, 'hexagonal_bin': {'distance': 4, 'in': 1}, 'pyramid_block_red': {'distance': 2}, 'pyramid_block_yellow': {'distance': 1}, 'pyramid_block_blue': {'distance': 1}, 'dodgeball': {'agent_holds': 2, 'in_motion': 2, 'in': 1}, 'agent': {'adjacent': 1}, 'building': {'in': 2}, 'cube_block': {'in': 1}}"
52,interactive-beta.pddl,game-62,medium-objects-room-v1,"[3, 3, 3]",3,,"[1, 1, 1]",,"{'chair': 1, 'laptop': 1, 'doggie_bed': 1, 'desk': 3, 'agent': 3, 'bed': 3, 'game_object': 2}","{'agent_holds': 6, 'adjacent': 3, 'in_motion': 6, 'on': 3, 'same_object': 1}",15,211,,"{'chair': {'agent_holds': 2, 'in_motion': 2, 'on': 1, 'same_object': 1}, 'laptop': {'agent_holds': 2, 'in_motion': 2, 'on': 1, 'same_object': 1}, 'doggie_bed': {'agent_holds': 2, 'in_motion': 2, 'on': 1, 'same_object': 1}, 'desk': {'adjacent': 3}, 'agent': {'adjacent': 3}, 'bed': {'on': 3}, 'game_object': {'agent_holds': 4, 'same_object': 1, 'in_motion': 4, 'on': 2}}"
53,interactive-beta.pddl,game-63,medium-objects-room-v1,"[4, 4, 4]",3,,"[2, 1, 1, 1]",True,"{'building': 2, 'block': 3, 'game_object': 1}","{'in': 6, 'agent_holds': 8, 'is_setup_object': 1, 'in_motion': 3, 'touch': 1, 'game_over': 2, 'same_type': 1}",15,215,,"{'building': {'in': 6, 'is_setup_object': 1}, 'block': {'in': 4, 'agent_holds': 6, 'in_motion': 3, 'touch': 2, 'same_type': 1}, 'game_object': {'agent_holds': 2, 'same_type': 1, 'in': 2}}"
54,interactive-beta.pddl,game-64,many-objects-room-v1,[3],1,,"[1, 2]",,"{'hexagonal_bin': 3, 'rug': 2, 'wall': 2, 'dodgeball': 1, 'agent': 1}","{'agent_holds': 2, 'adjacent': 1, 'in_motion': 2, 'in': 1}",15,98,,"{'dodgeball': {'agent_holds': 2, 'in_motion': 2, 'in': 1}, 'hexagonal_bin': {'adjacent': 1, 'in': 1}, 'rug': {'adjacent': 1}, 'wall': {'adjacent': 1}, 'agent': {'adjacent': 1}}"
55,interactive-beta.pddl,game-65,many-objects-room-v1,,1,,[1],,"{'ball': 1, 'bed': 1}",{'on': 1},7,20,,"{'bed': {'on': 1}, 'ball': {'on': 1}}"
56,interactive-beta.pddl,game-66,medium-objects-room-v1,"[3, 3]",2,"[1, 1, 1, 2]","[1, 3, 3]",True,"{'bridge_block': 3, 'cube_block': 3, 'door': 1, 'cylindrical_block': 2, 'tall_cylindrical_block': 2, 'bottom_shelf': 1, 'flat_block': 1, 'pyramid_block': 1, 'doggie_bed': 3, 'triangular_ramp': 1, 'dodgeball': 2, 'agent': 2, 'top_shelf': 4}","{'near': 1, 'on': 6, 'adjacent': 3, 'agent_holds': 6, 'same_object': 2, 'in_motion': 4, 'distance': 4, 'same_color': 2}",21,364,77.0,"{'door': {'near': 1}, 'bridge_block': {'near': 1, 'distance': 2, 'same_color': 2}, 'cube_block': {'near': 1, 'distance': 2, 'same_color': 2}, 'bottom_shelf': {'on': 1}, 'cylindrical_block': {'on': 3, 'same_object': 2, 'agent_holds': 2, 'same_color': 2}, 'tall_cylindrical_block': {'on': 3, 'same_object': 2, 'agent_holds': 2, 'same_color': 2}, 'shelf': {'on': 1}, 'flat_block': {'on': 1}, 'pyramid_block': {'on': 1}, 'doggie_bed': {'adjacent': 3}, 'triangular_ramp': {'adjacent': 1}, 'dodgeball': {'agent_holds': 4, 'in_motion': 4, 'distance': 4}, 'agent': {'adjacent': 2}, 'top_shelf': {'on': 4}, 'block': {'same_object': 2, 'on': 2, 'distance': 2}}"
57,interactive-beta.pddl,game-67,medium-objects-room-v1,"[3, 3]",2,"[1, 1]","[1, 1]",True,"{'tall_cylindrical_block': 1, 'bridge_block': 1, 'flat_block': 1, 'cube_block': 1, 'cylindrical_block': 1, 'chair': 1, 'desk': 1, 'front': 1, 'ball': 1, 'block': 1, 'rug': 2, 'agent': 2, 'dodgeball': 1, 'basketball': 1, 'beachball': 1}","{'distance': 16, 'adjacent_side': 1, 'agent_holds': 4, 'on': 2, 'is_setup_object': 1, 'in_motion': 5, 'touch': 1}",15,304,156.0,"{'desk': {'distance': 16, 'adjacent_side': 1}, 'tall_cylindrical_block': {'distance': 16}, 'bridge_block': {'distance': 16}, 'flat_block': {'distance': 16}, 'cube_block': {'distance': 16}, 'cylindrical_block': {'distance': 16}, 'front': {'adjacent_side': 1}, 'chair': {'adjacent_side': 1}, 'ball': {'agent_holds': 4, 'in_motion': 4, 'touch': 1}, 'rug': {'on': 2}, 'agent': {'on': 2}, 'block': {'is_setup_object': 1, 'touch': 1, 'in_motion': 1}}"
58,interactive-beta.pddl,game-69,many-objects-room-v1,[3],1,[2],[3],,"{'curved_wooden_ramp': 2, 'hexagonal_bin': 2, 'dodgeball': 1}","{'adjacent': 1, 'agent_holds': 2, 'in_motion': 2, 'touch': 1, 'in': 1}",13,77,17.0,"{'curved_wooden_ramp': {'adjacent': 1, 'touch': 1}, 'hexagonal_bin': {'adjacent': 1, 'in': 1}, 'dodgeball': {'agent_holds': 2, 'in_motion': 2, 'touch': 1, 'in': 1}}"
59,interactive-beta.pddl,game-70,many-objects-room-v1,"[3, 3, 3]",3,"[1, 2, 1]","[1, 1, 1, 3]",,"{'chair': 1, 'desk': 2, 'front': 3, 'hexagonal_bin': 3, 'curved_wooden_ramp': 2, 'back': 1, 'golfball': 4, 'dodgeball': 3, 'triangle_block': 3, 'pyramid_block': 3, 'side_table': 1, 'bed': 3, 'agent': 3, 'desktop': 1, 'laptop': 1}","{'adjacent_side': 3, 'near': 1, 'adjacent': 3, 'agent_holds': 6, 'in_motion': 5, 'in': 2, 'touch': 2}",15,308,71.0,"{'desk': {'adjacent_side': 2}, 'front': {'adjacent_side': 3}, 'chair': {'adjacent_side': 1}, 'curved_wooden_ramp': {'adjacent_side': 2, 'touch': 1}, 'hexagonal_bin': {'adjacent_side': 1, 'in': 2}, 'back': {'adjacent_side': 1}, 'side_table': {'near': 1}, 'golfball': {'near': 1, 'agent_holds': 6, 'in_motion': 5, 'in': 2, 'touch': 2}, 'dodgeball': {'near': 1, 'agent_holds': 4, 'in_motion': 3, 'in': 1, 'touch': 1}, 'triangle_block': {'near': 1, 'agent_holds': 4, 'in_motion': 3, 'in': 1, 'touch': 1}, 'pyramid_block': {'near': 1, 'agent_holds': 4, 'in_motion': 3, 'in': 1, 'touch': 1}, 'bed': {'adjacent': 3}, 'agent': {'adjacent': 3}, 'desktop': {'touch': 1}, 'laptop': {'touch': 1}}"
60,interactive-beta.pddl,game-71,many-objects-room-v1,"[3, 3]",2,"[1, 1, 1]","[3, 3]",,"{'pillow': 2, 'bed': 1, 'bridge_block': 2, 'floor': 1, 'cylindrical_block': 1, 'dodgeball': 1, 'triangular_ramp': 2, 'agent': 2, 'desk': 2, 'golfball': 1}","{'on': 2, 'near': 3, 'adjacent': 2, 'agent_holds': 4, 'in_motion': 4, 'touch': 3, 'above': 1}",15,217,54.0,"{'bed': {'on': 1}, 'pillow': {'on': 1, 'near': 1, 'touch': 1}, 'floor': {'on': 1}, 'bridge_block': {'on': 1, 'near': 1, 'above': 1}, 'cylindrical_block': {'near': 1, 'touch': 2}, 'triangular_ramp': {'adjacent': 2, 'near': 2}, 'agent': {'adjacent': 2}, 'desk': {'near': 2}, 'dodgeball': {'agent_holds': 2, 'in_motion': 2, 'touch': 2}, 'golfball': {'agent_holds': 2, 'in_motion': 2, 'touch': 1, 'above': 1}}"
61,interactive-beta.pddl,game-72,many-objects-room-v1,[3],1,"[1, 1]",[3],True,"{'teddy_bear': 2, 'bed': 1, 'upright': 3, 'ball': 2, 'desk': 2, 'chair': 1, 'agent': 1}","{'on': 1, 'object_orientation': 3, 'near': 1, 'adjacent': 2, 'agent_holds': 2, 'in_motion': 1, 'touch': 1}",13,124,40.0,"{'bed': {'on': 1}, 'teddy_bear': {'on': 1, 'object_orientation': 3, 'touch': 1}, 'upright': {'object_orientation': 3}, 'desk': {'near': 1, 'adjacent': 1}, 'ball': {'near': 1, 'agent_holds': 2, 'in_motion': 1, 'touch': 1}, 'chair': {'adjacent': 2}, 'agent': {'adjacent': 1}}"
62,interactive-beta.pddl,game-73,many-objects-room-v1,[3],1,"[1, 1]",[2],,"{'hexagonal_bin': 2, 'room_center': 1, 'dodgeball': 2, 'desk': 2, 'agent': 1}","{'near': 1, 'on': 1, 'adjacent': 1, 'agent_holds': 2, 'in_motion': 2, 'in': 1}",13,93,32.0,"{'room_center': {'near': 1}, 'hexagonal_bin': {'near': 1, 'in': 1}, 'desk': {'on': 1, 'adjacent': 1}, 'dodgeball': {'on': 1, 'agent_holds': 2, 'in_motion': 2, 'in': 1}, 'agent': {'adjacent': 1}}"
63,interactive-beta.pddl,game-74,many-objects-room-v1,"[3, 3]",2,,"[3, 1]",True,"{'room_center': 1, 'golfball': 2, 'hexagonal_bin': 1, 'pillow': 1, 'agent': 1}","{'near': 1, 'adjacent': 1, 'agent_holds': 4, 'is_setup_object': 1, 'in_motion': 4, 'in': 1}",13,133,15.0,"{'room_center': {'near': 1}, 'pillow': {'near': 1, 'adjacent': 1, 'is_setup_object': 1}, 'agent': {'adjacent': 1}, 'golfball': {'agent_holds': 4, 'in_motion': 4, 'in': 1}, 'hexagonal_bin': {'in': 1}}"
64,interactive-beta.pddl,game-75,few-objects-room-v1,"[3, 3]",2,,"[2, 2]",True,"{'ball': 2, 'hexagonal_bin': 2, 'agent': 2}","{'adjacent': 2, 'agent_holds': 4, 'in_motion': 4, 'in': 1}",13,133,,"{'hexagonal_bin': {'adjacent': 2, 'in': 1}, 'agent': {'adjacent': 2}, 'ball': {'agent_holds': 4, 'in_motion': 4, 'in': 1}}"
65,interactive-beta.pddl,game-76,few-objects-room-v1,"[3, 3, 3, 3]",4,,"[1, 2, 1, 4, 1]",True,"{'pink': 2, 'yellow': 5, 'cube_block': 2, 'hexagonal_bin': 2, 'agent': 4, 'dodgeball': 2, 'building': 1, 'block': 1}","{'agent_holds': 8, 'rug_color_under': 4, 'in_motion': 10, 'in': 6, 'touch': 1}",19,364,,"{'cube_block': {'agent_holds': 4, 'in_motion': 4, 'in': 2}, 'agent': {'rug_color_under': 4}, 'pink': {'rug_color_under': 2}, 'yellow': {'rug_color_under': 4}, 'hexagonal_bin': {'in': 3}, 'building': {'in': 5}, 'dodgeball': {'agent_holds': 4, 'in_motion': 4, 'touch': 1}, 'block': {'in': 2, 'touch': 1, 'in_motion': 2}}"
66,interactive-beta.pddl,game-77,many-objects-room-v1,[3],1,,[2],,"{'dodgeball': 1, 'hexagonal_bin': 1}","{'agent_holds': 2, 'distance': 1, 'in_motion': 2, 'in': 1}",13,57,,"{'dodgeball': {'agent_holds': 2, 'in_motion': 2, 'in': 1}, 'hexagonal_bin': {'distance': 1, 'in': 1}, 'agent': {'distance': 1}}"
67,interactive-beta.pddl,game-78,medium-objects-room-v1,"[3, 3]",2,"[1, 1, 1]","[4, 4]",,"{'teddy_bear': 3, 'bed': 2, 'front': 1, 'left': 1, 'upright': 5, 'beachball': 3, 'floor': 1, 'hexagonal_bin': 1, 'basketball': 1, 'side_table': 1, 'dodgeball': 2, 'doggie_bed': 2, 'agent': 2}","{'adjacent_side': 2, 'object_orientation': 5, 'distance_side': 2, 'on': 1, 'near': 3, 'agent_holds': 6, 'in_motion': 7, 'touch': 1}",13,287,95.0,"{'bed': {'adjacent_side': 2, 'distance_side': 2}, 'front': {'adjacent_side': 1, 'distance_side': 1}, 'teddy_bear': {'adjacent_side': 2, 'object_orientation': 5, 'agent_holds': 2}, 'left': {'adjacent_side': 1, 'distance_side': 1}, 'upright': {'object_orientation': 5}, 'beachball': {'distance_side': 2, 'on': 1, 'touch': 1, 'in_motion': 3}, 'floor': {'on': 1}, 'side_table': {'near': 1}, 'hexagonal_bin': {'near': 1}, 'basketball': {'near': 1}, 'dodgeball': {'agent_holds': 4, 'in_motion': 4, 'touch': 1}, 'doggie_bed': {'near': 2}, 'agent': {'near': 2}}"
68,interactive-beta.pddl,game-79,many-objects-room-v1,[3],1,,[2],,"{'golfball': 1, 'hexagonal_bin': 1}","{'agent_holds': 2, 'in_motion': 2, 'in': 1}",13,52,,"{'golfball': {'agent_holds': 2, 'in_motion': 2, 'in': 1}, 'hexagonal_bin': {'in': 1}}"
69,interactive-beta.pddl,game-80,few-objects-room-v1,"[3, 3, 3, 3, 3, 3]",6,,"[1, 1, 1, 1, 1, 1]",,"{'game_object': 5, 'pink': 6, 'room_center': 21, 'blue': 5, 'brown': 4, 'pillow': 3, 'green': 2, 'tan': 1}","{'agent_holds': 12, 'same_color': 18, 'in_motion': 12, 'near': 21, 'same_type': 2}",15,565,,"{'game_object': {'agent_holds': 10, 'same_color': 18, 'in_motion': 10, 'near': 20, 'same_type': 2}, 'pink': {'same_color': 6}, 'room_center': {'near': 21}, 'blue': {'same_color': 5}, 'brown': {'same_color': 4}, 'pillow': {'agent_holds': 2, 'in_motion': 2, 'near': 1, 'same_type': 2}, 'green': {'same_color': 2}, 'tan': {'same_color': 1}}"
70,interactive-beta.pddl,game-81,many-objects-room-v1,[3],1,[2],[2],True,"{'hexagonal_bin': 2, 'triangular_ramp': 1, 'curved_wooden_ramp': 1, 'desk': 1, 'front': 1, 'dodgeball': 1, 'rug': 1, 'agent': 1}","{'adjacent': 1, 'near': 2, 'adjacent_side': 1, 'agent_holds': 2, 'on': 1, 'in_motion': 2, 'in': 1}",13,117,47.0,"{'hexagonal_bin': {'adjacent': 1, 'near': 2, 'adjacent_side': 1, 'in': 1}, 'desk': {'adjacent': 1}, 'triangular_ramp': {'near': 2}, 'curved_wooden_ramp': {'near': 2}, 'front': {'adjacent_side': 1}, 'game_object': {'adjacent_side': 1}, 'dodgeball': {'agent_holds': 2, 'in_motion': 2, 'in': 1}, 'rug': {'on': 1}, 'agent': {'on': 1}}"
71,interactive-beta.pddl,game-82,many-objects-room-v1,[3],1,,[2],True,"{'ball': 1, 'hexagonal_bin': 1}","{'agent_holds': 2, 'in_motion': 2, 'in': 1}",13,56,,"{'ball': {'agent_holds': 2, 'in_motion': 2, 'in': 1}, 'hexagonal_bin': {'in': 1}}"
72,interactive-beta.pddl,game-83,many-objects-room-v1,[3],1,[2],"[1, 1]",,"{'hexagonal_bin': 2, 'chair': 1, 'sideways': 1, 'dodgeball': 3, 'golfball': 2, 'bed': 1, 'agent': 1}","{'object_orientation': 1, 'between': 1, 'agent_holds': 2, 'adjacent': 1, 'in_motion': 2, 'in': 1}",15,120,26.0,"{'hexagonal_bin': {'object_orientation': 1, 'between': 1, 'in': 1}, 'sideways': {'object_orientation': 1}, 'chair': {'between': 2}, 'dodgeball': {'agent_holds': 2, 'in_motion': 2, 'in': 1}, 'golfball': {'agent_holds': 2, 'in_motion': 2, 'in': 1}, 'bed': {'adjacent': 1}, 'agent': {'adjacent': 1}}"
73,interactive-beta.pddl,game-85,few-objects-room-v1,"[3, 3]",2,,"[1, 2, 1]",True,"{'color': 1, 'hexagonal_bin': 1, 'cube_block': 2, 'agent': 2, 'pink': 2, 'yellow': 1, 'tan': 1, 'blue': 1}","{'agent_holds': 4, 'rug_color_under': 2, 'same_color': 1, 'in': 2, 'in_motion': 4}",17,191,,"{'cube_block': {'agent_holds': 4, 'same_color': 1, 'in': 2, 'in_motion': 4}, 'agent': {'rug_color_under': 2}, 'pink': {'rug_color_under': 2}, 'color': {'same_color': 1}, 'hexagonal_bin': {'in': 2}}"
74,interactive-beta.pddl,game-87,few-objects-room-v1,[3],1,[2],"[1, 1]",,"{'hexagonal_bin': 2, 'wall': 1, 'desk': 1, 'dodgeball': 2, 'block': 2, 'rug': 1, 'agent': 1}","{'on': 2, 'adjacent': 1, 'agent_holds': 2, 'in_motion': 2, 'in': 1}",15,108,25.0,"{'desk': {'on': 1}, 'hexagonal_bin': {'on': 1, 'adjacent': 1, 'in': 1}, 'wall': {'adjacent': 1}, 'dodgeball': {'agent_holds': 2, 'in_motion': 2, 'in': 1}, 'block': {'agent_holds': 2, 'in_motion': 2, 'in': 1}, 'rug': {'on': 1}, 'agent': {'on': 1}}"
75,interactive-beta.pddl,game-88,few-objects-room-v1,"[3, 3, 3]",3,[3],"[2, 1, 2]",True,"{'hexagonal_bin': 2, 'pillow': 1, 'cube_block': 2, 'bed': 3, 'diagonal': 1, 'left': 1, 'right': 1, 'dodgeball': 3, 'floor': 3, 'agent': 6, 'rug': 3}","{'on': 10, 'object_orientation': 1, 'adjacent_side': 2, 'agent_holds': 6, 'adjacent': 3, 'distance': 3, 'in_motion': 7, 'in': 1, 'touch': 1}",13,321,75.0,"{'bed': {'on': 3, 'distance': 3}, 'hexagonal_bin': {'on': 1, 'adjacent_side': 2, 'in': 1}, 'pillow': {'object_orientation': 1}, 'diagonal': {'object_orientation': 1}, 'left': {'adjacent_side': 1}, 'cube_block': {'adjacent_side': 2, 'on': 10, 'touch': 1, 'in_motion': 1}, 'right': {'adjacent_side': 1}, 'dodgeball': {'agent_holds': 6, 'in_motion': 6, 'in': 1, 'touch': 1}, 'floor': {'on': 3}, 'agent': {'on': 3, 'adjacent': 3, 'distance': 3}, 'rug': {'adjacent': 3}}"
76,interactive-beta.pddl,game-89,medium-objects-room-v1,[3],1,[2],"[1, 1]",True,"{'desktop': 1, 'hexagonal_bin': 2, 'desk': 2, 'ball': 1, 'rug': 1, 'agent': 1, 'dodgeball': 1, 'basketball': 1, 'beachball': 1}","{'on': 3, 'agent_holds': 2, 'in_motion': 2, 'in': 1}",15,131,28.0,"{'desk': {'on': 2}, 'hexagonal_bin': {'on': 1, 'in': 1}, 'desktop': {'on': 1}, 'ball': {'agent_holds': 2, 'in_motion': 2, 'in': 1}, 'rug': {'on': 1}, 'agent': {'on': 1}}"
77,interactive-beta.pddl,game-90,many-objects-room-v1,[5],1,,[2],,"{'dodgeball': 1, 'doggie_bed': 1, 'floor': 3}","{'agent_holds': 4, 'in_motion': 4, 'touch': 3, 'on': 1}",13,102,,"{'dodgeball': {'agent_holds': 4, 'in_motion': 4, 'touch': 3, 'on': 1}, 'floor': {'touch': 3}, 'doggie_bed': {'on': 1}}"
78,interactive-beta.pddl,game-93,many-objects-room-v1,[3],1,,[2],,"{'dodgeball': 1, 'hexagonal_bin': 1}","{'agent_holds': 2, 'in_motion': 2, 'in': 1}",13,52,,"{'dodgeball': {'agent_holds': 2, 'in_motion': 2, 'in': 1}, 'hexagonal_bin': {'in': 1}}"
79,interactive-beta.pddl,game-94,many-objects-room-v1,"[3, 3]",2,,"[1, 1]",True,"{'dodgeball': 2, 'golfball': 2, 'hexagonal_bin': 1, 'door': 2, 'agent': 2}","{'agent_holds': 4, 'adjacent': 2, 'in_motion': 4, 'in': 1}",15,137,,"{'dodgeball': {'agent_holds': 4, 'in_motion': 4, 'in': 1}, 'golfball': {'agent_holds': 4, 'in_motion': 4, 'in': 1}, 'door': {'adjacent': 2}, 'agent': {'adjacent': 2}, 'hexagonal_bin': {'in': 1}}"
80,interactive-beta.pddl,game-97,medium-objects-room-v1,[3],1,,[1],True,"{'dodgeball_red': 1, 'rug': 2, 'agent': 1}","{'agent_holds': 2, 'on': 2, 'in_motion': 2}",13,65,,"{'dodgeball_red': {'agent_holds': 2, 'in_motion': 2, 'on': 1}, 'rug': {'on': 2}, 'agent': {'on': 1}}"
81,interactive-beta.pddl,game-98,medium-objects-room-v1,[3],1,"[1, 1]","[1, 1]",True,"{'hexagonal_bin': 2, 'ball': 2, 'bed': 3, 'agent': 2, 'beachball': 1, 'basketball': 1, 'dodgeball': 1}","{'above': 1, 'on': 2, 'agent_holds': 2, 'adjacent': 1, 'in_motion': 2, 'in': 1}",15,145,39.0,"{'hexagonal_bin': {'above': 1, 'in': 1}, 'shelf': {'above': 1}, 'bed': {'on': 2, 'adjacent': 1}, 'ball': {'on': 1, 'agent_holds': 2, 'in_motion': 2, 'in': 1}, 'agent': {'on': 1, 'adjacent': 1}}"
82,interactive-beta.pddl,game-99,few-objects-room-v1,"[3, 3]",2,,"[2, 1]",True,"{'cube_block': 2, 'shelf': 1, 'bed': 2, 'agent': 2}","{'agent_holds': 4, 'adjacent': 2, 'in_motion': 4, 'on': 1}",13,116,,"{'cube_block': {'agent_holds': 4, 'in_motion': 4, 'on': 1}, 'bed': {'adjacent': 2}, 'agent': {'adjacent': 2}, 'shelf': {'on': 1}}"
83,interactive-beta.pddl,game-100,medium-objects-room-v1,[3],1,[2],"[1, 1]",,"{'hexagonal_bin': 3, 'doggie_bed': 3, 'floor': 1, 'bed': 1, 'dodgeball': 1, 'desk': 1, 'agent': 1}","{'on': 3, 'equal_z_position': 1, 'agent_holds': 2, 'adjacent': 1, 'in_motion': 2, 'in': 1}",15,126,31.0,"{'floor': {'on': 1}, 'doggie_bed': {'on': 2, 'equal_z_position': 1, 'in': 1}, 'bed': {'on': 1}, 'hexagonal_bin': {'on': 2, 'equal_z_position': 1, 'in': 1}, 'dodgeball': {'agent_holds': 2, 'in_motion': 2, 'in': 1, 'on': 1}, 'desk': {'adjacent': 1}, 'agent': {'adjacent': 1}}"
84,interactive-beta.pddl,game-101,few-objects-room-v1,"[3, 3]",2,"[1, 1, 2]","[1, 2, 2]",True,"{'hexagonal_bin': 3, 'bed': 2, 'curved_wooden_ramp': 1, 'desk': 3, 'cube_block_blue': 4, 'cube_block_yellow': 4, 'ball': 2}","{'on': 1, 'adjacent': 1, 'faces': 1, 'distance': 8, 'between': 2, 'agent_holds': 4, 'is_setup_object': 2, 'in_motion': 4, 'in': 1}",15,326,112.0,"{'bed': {'on': 1, 'adjacent': 1}, 'hexagonal_bin': {'on': 1, 'distance': 4, 'in': 1}, 'curved_wooden_ramp': {'adjacent': 1, 'faces': 1}, 'desk': {'faces': 1, 'distance': 4, 'between': 2}, 'cube_block_blue': {'distance': 4, 'between': 2, 'is_setup_object': 2}, 'cube_block_yellow': {'distance': 4, 'between': 2, 'is_setup_object': 2}, 'ball': {'agent_holds': 4, 'in_motion': 4, 'in': 1}, 'agent': {'distance': 2}}"
85,interactive-beta.pddl,game-103,few-objects-room-v1,"[3, 3, 3]",3,[1],"[2, 2, 1]",True,"{'hexagonal_bin': 3, 'bed': 1, 'sideways': 1, 'dodgeball': 3}","{'on': 1, 'object_orientation': 1, 'agent_holds': 6, 'in_motion': 6, 'in': 3, 'touch': 1}",13,197,23.0,"{'bed': {'on': 1}, 'hexagonal_bin': {'on': 1, 'object_orientation': 1, 'in': 3, 'touch': 1}, 'sideways': {'object_orientation': 1}, 'dodgeball': {'agent_holds': 6, 'in_motion': 6, 'in': 3, 'touch': 1}}"
86,interactive-beta.pddl,game-104,few-objects-room-v1,[3],1,[1],[2],True,"{'hexagonal_bin': 2, 'east_sliding_door': 1, 'dodgeball': 1, 'rug': 1, 'agent': 1}","{'equal_x_position': 1, 'agent_holds': 2, 'adjacent': 1, 'in_motion': 1, 'in': 1}",13,74,17.0,"{'east_sliding_door': {'equal_x_position': 1}, 'hexagonal_bin': {'equal_x_position': 1, 'in': 1}, 'dodgeball': {'agent_holds': 2, 'in_motion': 1, 'in': 1}, 'rug': {'adjacent': 1}, 'agent': {'adjacent': 1}}"
87,interactive-beta.pddl,game-105,few-objects-room-v1,[4],1,"[1, 1, 1]",[1],,"{'chair': 1, 'bed': 2, 'cube_block': 1, 'rug': 4, 'desk': 4, 'dodgeball': 1, 'cube_block_tan': 1, 'floor': 2}","{'on': 8, 'adjacent': 2, 'above': 2, 'agent_holds': 1, 'in_motion': 1, 'near': 2, 'same_object': 1}",19,207,79.0,"{'bed': {'on': 1, 'adjacent': 1}, 'chair': {'on': 1, 'adjacent': 1}, 'rug': {'on': 4}, 'cube_block': {'on': 1}, 'game_object': {'above': 1}, 'desk': {'above': 2, 'near': 2}, 'shelf': {'on': 1}, 'dodgeball': {'on': 1}, 'cube_block_blue': {'on': 4, 'agent_holds': 1, 'in_motion': 1, 'near': 2, 'same_object': 2, 'adjacent': 2}, 'cube_block_yellow': {'on': 4, 'agent_holds': 1, 'in_motion': 1, 'near': 2, 'same_object': 2, 'adjacent': 2}, 'cube_block_tan': {'on': 1, 'above': 1}, 'floor': {'on': 2}}"
88,interactive-beta.pddl,game-106,few-objects-room-v1,"[3, 3]",2,,"[2, 1]",True,"{'ball': 2, 'hexagonal_bin': 1}","{'agent_holds': 4, 'in_motion': 4, 'in': 1}",13,104,,"{'ball': {'agent_holds': 4, 'in_motion': 4, 'in': 1}, 'hexagonal_bin': {'in': 1}}"
89,interactive-beta.pddl,game-108,medium-objects-room-v1,"[3, 3, 3]",3,"[4, 1, 1]","[1, 1, 2, 1, 2]",True,"{'hexagonal_bin': 2, 'tall_cylindrical_block': 3, 'pyramid_block': 3, 'cylindrical_block': 3, 'side_table': 1, 'bed': 4, 'north_wall': 1, 'doggie_bed': 4, 'ball': 3, 'agent': 6, 'dodgeball': 1, 'basketball': 1, 'beachball': 1}","{'on': 8, 'adjacent': 1, 'between': 1, 'distance': 2, 'equal_z_position': 1, 'near': 7, 'agent_holds': 5, 'in_motion': 6, 'is_setup_object': 1, 'touch': 1, 'in': 1}",17,409,121.0,"{'side_table': {'on': 1}, 'cylindrical_block': {'on': 1, 'is_setup_object': 1, 'touch': 1, 'in_motion': 1}, 'bed': {'on': 3, 'equal_z_position': 1}, 'tall_cylindrical_block': {'on': 4, 'adjacent': 1, 'between': 2, 'distance': 2, 'is_setup_object': 1, 'touch': 1, 'in_motion': 1}, 'pyramid_block': {'on': 2, 'is_setup_object': 1, 'touch': 1, 'in_motion': 1}, 'north_wall': {'adjacent': 1}, 'hexagonal_bin': {'between': 1, 'distance': 2, 'on': 2, 'equal_z_position': 1, 'in': 1}, 'doggie_bed': {'on': 1, 'near': 6}, 'ball': {'on': 2, 'near': 2, 'agent_holds': 5, 'in_motion': 5, 'touch': 1, 'in': 1}, 'agent': {'near': 6}}"
90,interactive-beta.pddl,game-109,many-objects-room-v1,"[3, 3, 3]",3,,"[2, 1, 2]",,"{'ball': 1, 'hexagonal_bin': 1, 'cube_block': 1, 'top_shelf': 1, 'pillow': 1, 'doggie_bed': 1}","{'agent_holds': 6, 'in_motion': 6, 'in': 1, 'on': 2}",13,157,,"{'ball': {'agent_holds': 2, 'in_motion': 2, 'in': 1}, 'hexagonal_bin': {'in': 1}, 'cube_block': {'agent_holds': 2, 'in_motion': 2, 'on': 1}, 'top_shelf': {'on': 1}, 'pillow': {'agent_holds': 2, 'in_motion': 2, 'on': 1}, 'doggie_bed': {'on': 1}}"
91,interactive-beta.pddl,game-110,few-objects-room-v1,"[3, 3]",2,"[1, 1, 1]","[1, 1]",True,"{'chair': 1, 'door': 1, 'hexagonal_bin': 2, 'south_wall': 1, 'west_wall': 1, 'dodgeball': 4, 'cube_block': 4, 'alarm_clock': 4, 'book': 4, 'desk': 1}","{'equal_x_position': 1, 'adjacent': 3, 'agent_holds': 4, 'x_position': 4, 'in_motion': 4, 'in': 1}",15,285,59.0,"{'door': {'equal_x_position': 1}, 'chair': {'equal_x_position': 1, 'x_position': 2}, 'south_wall': {'adjacent': 1}, 'hexagonal_bin': {'adjacent': 2, 'in': 1}, 'west_wall': {'adjacent': 1}, 'dodgeball': {'adjacent': 1, 'agent_holds': 4, 'in_motion': 4, 'in': 1}, 'cube_block': {'adjacent': 1, 'agent_holds': 4, 'in_motion': 4, 'in': 1}, 'alarm_clock': {'adjacent': 1, 'agent_holds': 4, 'in_motion': 4, 'in': 1}, 'book': {'adjacent': 1, 'agent_holds': 4, 'in_motion': 4, 'in': 1}, 'desk': {'adjacent': 1}, 'agent': {'x_position': 2}}"
92,interactive-beta.pddl,game-113,few-objects-room-v1,[3],1,[3],[4],,"{'hexagonal_bin': 2, 'cube_block': 2, 'curved_wooden_ramp': 2, 'front': 1, 'back': 1, 'ball': 1}","{'adjacent_side': 2, 'adjacent': 1, 'between': 2, 'on': 5, 'agent_holds': 2, 'in_motion': 2, 'in': 1}",13,131,58.0,"{'hexagonal_bin': {'adjacent_side': 1, 'between': 1, 'in': 1}, 'front': {'adjacent_side': 1}, 'cube_block': {'adjacent_side': 2, 'adjacent': 2, 'between': 4, 'on': 6}, 'curved_wooden_ramp': {'adjacent_side': 1, 'between': 1, 'on': 1}, 'back': {'adjacent_side': 1}, 'ball': {'agent_holds': 2, 'in_motion': 2, 'on': 3, 'in': 1}}"
93,interactive-beta.pddl,game-114,medium-objects-room-v1,,1,[1],[3],,"{'doggie_bed': 2, 'room_center': 1, 'game_object': 1, 'building': 1, 'floor': 2}","{'near': 1, 'same_object': 1, 'in': 2, 'on': 2, 'touch': 1}",13,81,15.0,"{'room_center': {'near': 1}, 'doggie_bed': {'near': 1, 'same_object': 1, 'in': 1, 'on': 1}, 'game_object': {'same_object': 1, 'in': 1, 'on': 1, 'touch': 1}, 'building': {'in': 2}, 'floor': {'on': 2}, 'wall': {'touch': 1}}"
94,interactive-beta.pddl,game-115,medium-objects-room-v1,"[4, 4]",2,[4],"[3, 3]",,"{'chair': 3, 'triangular_ramp': 1, 'teddy_bear': 3, 'hexagonal_bin': 2, 'room_center': 1, 'front': 1, 'ball': 1}","{'near': 2, 'adjacent_side': 1, 'between': 1, 'on': 3, 'agent_holds': 4, 'in_motion': 3, 'in': 1, 'touch': 1}",14,188,64.0,"{'room_center': {'near': 1}, 'triangular_ramp': {'near': 1, 'adjacent_side': 1, 'between': 1}, 'front': {'adjacent_side': 1}, 'chair': {'adjacent_side': 1, 'between': 1, 'on': 3}, 'hexagonal_bin': {'between': 1, 'near': 1, 'in': 1}, 'ball': {'near': 1, 'touch': 1}, 'teddy_bear': {'on': 3, 'agent_holds': 4, 'in_motion': 3, 'in': 1, 'touch': 1}}"
95,interactive-beta.pddl,game-116,medium-objects-room-v1,"[3, 3]",2,[1],"[1, 1]",True,"{'hexagonal_bin': 2, 'bed': 1, 'desk': 1, 'basketball': 1, 'dodgeball': 1}","{'on': 2, 'agent_holds': 4, 'in_motion': 4, 'in': 1}",15,122,23.0,"{'bed': {'on': 1}, 'hexagonal_bin': {'on': 2, 'in': 1}, 'desk': {'on': 1}, 'basketball': {'agent_holds': 4, 'in_motion': 4, 'in': 1}, 'dodgeball': {'agent_holds': 4, 'in_motion': 4, 'in': 1}}"
96,interactive-beta.pddl,game-117,medium-objects-room-v1,"[3, 3, 3]",3,[2],"[2, 2, 1]",True,"{'hexagonal_bin': 3, 'triangular_ramp': 1, 'dodgeball_red': 3, 'floor': 1}","{'near': 1, 'adjacent': 1, 'agent_holds': 6, 'in_motion': 6, 'touch': 1, 'in': 2}",13,249,26.0,"{'hexagonal_bin': {'near': 1, 'adjacent': 1, 'in': 2}, 'triangular_ramp': {'near': 1, 'adjacent': 1}, 'dodgeball_red': {'agent_holds': 6, 'in_motion': 6, 'touch': 1, 'in': 2}, 'floor': {'touch': 1}}"
97,interactive-beta.pddl,game-118,medium-objects-room-v1,,3,,"[1, 1, 1, 1]",,"{'color': 1, 'game_object': 2, 'main_light_switch': 1, 'lamp': 1, 'green': 1, 'brown': 1}","{'same_color': 2, 'on': 1, 'adjacent': 1, 'in': 1, 'toggled_on': 1, 'broken': 1}",13,131,,"{'game_object': {'same_color': 3, 'on': 2, 'adjacent': 2, 'in': 2, 'broken': 1}, 'color': {'same_color': 1}, 'main_light_switch': {'toggled_on': 1}, 'lamp': {'toggled_on': 1}}"
