,id,timestamp,scene,game_setup,game_gameplay,game_scoring,game_difficulty,game_firstTimeScore,gameScore_score,gameScore_thoughts,game_edited,edited_game_fields
0,RfP7c4trKFGmDp6xpiG8,2021-10-22 20:57:12.168000+00:00,medium_objects,Place small ramp in front of bin where there is space in the room.,"Take ball (any), and try to get it into the bin by rolling it hard (and straight) enough to pass the small ramp. When/if the bin hits over, game over. ",1 point per successful hit. ,1,6,,,False,
1,eYM9NgeUlg9mGpwlGemD,2021-10-22 20:58:20.433000+00:00,many_objects,,"The game I can play in this room it is call memorandum. It could be a game where you have to memorize a part of the room. For example, the wall with the colored figures.","the scoring system can be the more hits you have, the more points you will have.
",1,"from 1 to 10. I would say an 8 haha, I'm not good at memorizing",I scored 7,"I think it might be better if the objects disappeared so that I have to arrange them myself
",False,
2,SFpazSkgQ7MFSwDEa3c9,2021-10-22 21:02:15.391000+00:00,many_objects,Open the top drawer beside your bed.,"First you pick up a dodgeball or a golf ball and stand right beside the room leaving out of the room. After that you throw either the dodgeball or the golf ball to the bin or the top drawer that we opened earlier. The game ends when you have thrown all the balls (six in total, 3 golfballs and 3 dodgeballs) and then you tally up your points.","To score in this game you just have to throw any of the balls either to top drawer or the bin.

If you get a golf ball in the bin you get only 1 point, but if you suceed to get a dodgeball in you get 2 points.

The other method to score points is to throw in the golfballs to the top drawer. If you get the golf ball you get 3 points.

But if you miss any of the throws to either the bin or the drawer you get a reduction of 1 point.",1,10,,,False,
3,lchV8TQjaHcYtHAqR31Q,2021-10-23 20:36:08.420000+00:00,many_objects,,"Create a tower with the largest number of figures available.
",Each level of the tower will count as 1 point,3,I would score 6 points,5,It is very hard,False,
4,tM0MidzjBJBLkOEPYr2F,2021-10-23 22:33:04.491000+00:00,medium_objects,The ball must roll down the ramp and hit as many blocks as possiblle,Minni ball bash,The more blocks it hits the more points you get,2,4,2,I dont like this game that mutch,False,
5,elaUTwEvCJFrZToj8DBY,2021-11-02 21:04:38.911000+00:00,few_objects,,Throwing w Dogball to the can form 1 meter distance,1 Dogball in the bin = 1 point,1,1,"2, after some fails mat start","the CurvedRamp was no need, the rules of the game was not specified well",True,"gameplay,difficulty,firstTimeScore"
6,ImigmCOsFcfkSwe0ctO2,2021-11-02 21:19:40.230000+00:00,medium_objects,Position the in front of the bed. Remove pillow and teddybear from the bed.,Try to trow the balls inside the bin from other side of the room. ,Dodge ball is 10 points. Basketball is 20 points. Beach ball is 30 points. Every miss is -1 point. ,1,30,15,For the firs run the distance could be shorter to allow the player to get used to the physic of the game. ,True,"setup,gameplay,scoring"
7,d3UwxDa5ebWgG9emiJN7,2021-11-03 18:53:28.754000+00:00,many_objects,"To prepare the room for the game you have to place the bin in front of the desk in the same line as chair. Also, place the carpet to the center of the room, behind the bin.","First stage of the game would be throwing the ball to the bin in a specific amount time. Next step is placing objects that are the same color as the rectangles on the carpet, also in the specific amount of time.","First, we count all the times the ball landed in the bin.
In the second stage of the game, the more objects the player puts before the time ends, the more points he gets. The final score would be a sum of the points from both stages.",0,"I woud probably score a high amount of points, because the game seems to be very easy for me.",,,False,
8,Kns1TGpthEFdKLHHOcey,2021-11-03 18:56:40.855000+00:00,few_objects,The room needs to have a completely open space in the middle. There should be nothing obstructing the way of the player.,You need the dodgeballs and the curved ramp. You would put the curved ramp on one end and then stand on the other end. you would then roll the ball hard enough to get over the curved ramp and would get a point when it goes over.,"To score in my game, the ball needs to get over the ramp. If you manage to get the ball over on your first attempt that's 3 points, the second is 2 points and anything after that is 1 point.",4,I would score about 1.,1,It is definitely a lot harder than I had imagined playing a game like that on a laoptop.,True,"difficulty,firstTimeScore"
9,cdo6CztpMH0It12THBAy,2021-11-03 20:59:06.262000+00:00,many_objects,"I got 3 Different ideas. The first 2 can be setup by yourself.
1st one is a simple basketball game using the bin as a basket and the dodgeballs as bastketballs put the bin on one end of the room or on the bed (for a higher difficulty) and use the other end of the room as a marker from where you throw.
2nd You can setup a Mini Golf course using the Ramps, Pyramids and different building blocks to setup a course the Bridges would be used as goals.
3rd requires a setup from a different Person. One Person hides small object inside the room (like the cellhpone, Key, Credit Card, Cd and so on) and then you have to find all objects in a given time limit. ","1. Basketball
2. Mini Golf
3. ""hide and seek""","1. 10 tries 1 Point if the ball lands in the Bin 3 Points if it lands in the Bin without touching the floor before.
2. Number of tries to hit the goal (just like regular golf Par would be determined by the difficulty of the course)
3. Number of objects found with a difficulty multiplier for the Time limit 5 minutes = 1 Point per Object 3 miutes = 2 Points 90 seconds = 3 Points",1,The Basketball game is pretty easy. Mini golf is very difficult because of the weird physics engine used. And hide and seek depends on the places where things are hidden.,5,I built the basketball game (and i made a mistake when predicting my score i thought i can continue writing in the next line by pressing shift+enter but i continued the survey) and i should have built it the other way round so placing then bin next to the desk. Because the edge of the carpet can stop your dodge balls. ,True,"setup,gameplay,scoring,difficulty,firstTimeScore"
10,jhO40BilcfyPMScEKLiE,2021-11-03 21:30:48.582000+00:00,medium_objects,,Throw teddy onto pillow 10 times,Score 1 point for everytime teddy lands on pillow,2,4,5,,False,
11,rTVvF1dBAKE8juHCF69f,2021-11-04 20:13:03.030000+00:00,many_objects,No preparation required,"Play a game of tower building using colored blocks. Your objective is to build highest possible tower that is stable, starting with any single block and ending with any pyramid block. No other block then first one is allowed to touch floor or walls or any non block objects in the room.",Your score is number of blocks in tower including first and last (pyramid block),4,4,5,The game would be much easier but low precision of controls and wonky physics increase difficulty significantly ,False,
12,gZ8ce0O2anOHAMWWJJZw,2021-11-04 20:23:20.848000+00:00,medium_objects,You put the bin in the midle of the room and prepare the dodgeball and the wooden ramp.,You position the wooden ramp in different ways depending. Then You have to throw the ball at it and it should bounce into the bin. ,"Each ""wooden ramp"" position You make You have 5 tries, if You get it right You get a point. Each game You choose 5 different Ramp positions. So the maximum of Points is 5. One for each Ramp possition",4,1,I scored 1,It is a lot harder when I'm not used to the game physics.,True,"difficulty,firstTimeScore"
13,Q9FPLgdunp3o75RFGEU7,2021-11-08 15:58:09.085000+00:00,many_objects,you put the small ramp towards the center of the room about 1 meter away from the bin facing it,"you roll the golf balls and the dodgeballs towards the small ramp aiming to put them in the bin.
you sit down in front of the door and try to use the correct amount of power and aim precisely so that the balls go off the ramp into the air and then into the bin",dodgeballs count as 3 points and golfballs count as 6.,3,6,0,,False,
14,oevKPEL8LXqT4gswKdMK,2021-11-08 16:02:34.927000+00:00,medium_objects,,"Player has to throw dodgeballballs, basketball and beachball into the bin. Player has to stand on the carpet.",Every scored ball is 1 point. Every 3 balls scored in a row are 1 extra poiunt for the player. Player has 10 throws.,1,3,2 points,My game is really hard because the physics in the game is crazy.,False,
15,5DOVQT0dE9jCRwYHvIx6,2021-11-08 16:54:14.336000+00:00,few_objects,"First the bin should be turned upside down and placed on the side of the bed; Subsequently, the cubeblocks must be placed in a pyramidal way on top of the bin.",The game that can be played is to use the dodgeball to throw the objectives placed on top of the bin (cubeblocks); all this must be done sitting from the chair at the other end of the room; being two dodgeballs there are only two chances to achieve the most points.,"The scoring system consists in that each cubeblock that falls through the dodgeball will be equal to 1 point (6 cubeblocks equal 6 points); With only two dodgeballs, you only have 2 chances to get points; In case of throwing the 6 cubeblocks on the first shot, they must be replaced to get more points with the last dodgeball.",2,6,5,Nothing to add.,False,
16,yWwOhJSjWiuzNkkHzhft,2021-11-08 21:10:48.702000+00:00,few_objects,"closed blinds
the curved ramp with the square boxes on the side
the bin after the ramp",roll the dodge ball onto the bin across the ramp with the cube blocks around to direct the ball onto the ramp to the bin,if a ball enters the box its a point,3,maybe 1 point in 5 tries,0,its too complicated i couldnt play well,False,
17,GLPtcvJUaHkUYK7iEPRq,2021-11-08 21:14:13.145000+00:00,medium_objects,,"The pieces on the shelf between the two windows must be stacked in such a way as to create a kind of castle. You have to create two equal castles, the colors are not important but if you choose certain colors points are added.

To create each castle you have to follow this order of pieces (from bottom to top):
- Bridge
- Flat piece
- Cylinder
- Square
- Pyramid","For each castle built in the correct order of pieces will be awarded 10 points.

If the castles follow this order of colors extra points will be awarded:

First castle:
- Green bridge
- Glat yellow piece
- Yellow cylinder
- Green square
- Orange pyramid

Second castle:
- Bridge color wood
- Flat gray piece
- Cylinder color wood
- Blue cylinder
- Red pyramid

If 3 of the pieces have the correct color order (in the corresponding village) 5 points per castle will be awarded, if 4 colors are good it will be 7 points per castle and if all colors are good, 10 points per castle. The maximum score is 40 points.",0,40,0 ,In real life this game would be very easy (that's why I thought I would get the maximum score) but here it's more complex because stacking the pieces without them falling is quite difficult.,False,
19,SdpyTxFIhhYu7wNwmHFa,2021-11-09 15:38:30.625000+00:00,medium_objects,"The player should move basketball, beachball and dodgeball closer to the door. It is not obligatory but would make playing the game more comfortable.","The player stands next to the door facing the room. He has three balls - basketball, beachball and dodgeball - next to him, as well as dogbed and bin in the opposite corners of the room. The game is about trying to throw each ball in either the dogbed or bin to try to get the most points.","If the ball was succesfully thrown into the bin, this would give 3 points. If the ball was thrown into the dogbed, this gives the player 2 points, but if the ball stops on the corner of the dogbed - that gives 1 point. If the ball which the player succesfully threw was basketball, it gives additionally 1 point, if beachball - 2 points, if dodgeball - 3 points. The score of each throw consists of points received from succesfully throwing into specific item plus the points that gives the specific ball. Final game score consists of points from each throw and range from 0 to 15 points. ",2,7 points,4 points,I think it is interesting but requires practice to unserstand how hard you need to throw to succeed!,False,
20,qSbsQv2jOptuDovotsIE,2021-11-09 15:42:14.716000+00:00,medium_objects,No setup needed.,"To play my game, you will use the building blocks on the shelf, to build as high of a tower as possible. You can play it safe and use less blocks, but for less points, or a higher tower for more points. When you have built as high as you dare, you will place yourself on the far side of the room with the red dodgeball. Then, you will throw the ball at the tower and try to knock down as many blocks as you can.","To score my game, you will get 1 point for each block you use to build the tower. If your tower falls over while building you will get -1 points. Additionally, you will get 1 point for each block you manage to knock over with the dodgeball in phase 2.",2,5,6,"It was a lot more difficult to stack the blocks than I thought. I would change the rule that you lose if the tower falls, to you getting -1 point every time it falls instead.",True,"scoring,difficulty,firstTimeScore"
21,lwStmxdD6dbFuxgQ05vB,2021-12-21 23:42:29.153000+00:00,few_objects,"I moved a chair to the middle of the room, and turned it so it was facing sideways. I moved both balls; one to the bin and one to the bed, to show where two of the goals are.","To play my game, you start at the table at the far-side of the room. The goal is to throw the ball in the bin, but you also get points (although less points) if the ball lands on the chair or the bed, since those are easier targets. It's like a bedroom version of basketball.","If you score the ball into the bin - 5 Points
If you score the ball onto the bed - 1 Point
If you score the ball onto the chair - 1 Point
If your ball ends up on the floor or on any other object - Lose 2 points.

You win when you gain 10 points. You lose if your points get down to negative 5 points.",1,10 points.,-10 points,My game was much harder than I thought it would be.,False,
22,me2bPEvz4glQ1Q8GSfm8,2021-12-22 00:31:15.719000+00:00,medium_objects,"To prepare the room for the game, the bin must be placed at the foot of the desk.
A Beachball, a BasketBall and a Dodgeball must be near the player. The player must stand on the carpet.
The Desktop, Laptop and any other objects placed on the desk should be moved to avoid hazards.","The primary goal of my game is to throw balls into a bin across the room. Depending on the distance and the type of ball thrown, you may gain more points. You stand on the carpet and aim to toss balls into the bin on the opposite side of the room near the desk. The player has 8 attempts to reach the highest score possible.","If the player uses a Dodgeball and throws it into the bin, they receive 1 point. If the player uses a BasketBall and throws it into the bin, they receive 2 points. If the player uses a Beachball and it lands on top of the bin, they receive 3 points. Bonus points can be earned from the game depending on where the ball is thrown. If the ball is thrown on the red line of the carpet and the ball enters the bin, the player recieves 1 extra point. If the player throws the ball from the pink square on the carpet and the ball enters the bin, the player recieves 2 extra points. If the same is done on the yellow square on the carpet, the player receives 3 points. This incentives players to shoot from farther distances to gain points. Easier and smaller balls award less points, and bigger balls award more points. Since there are 8 attempts or 8 turns, the highest possible amount of points earned could be 48 using the Beachball on the yellow carpet tile. If the player misses their shot, they earn 0 points and move onto the next attempt.",3,I would score 8 on my first time playing.,I scored 8 points in my game.,"I feel that my game is a little difficult, but with enough practice, you can easily rack up many points as you learn the momentum of the ball and different ricochet strategies to get the ball into the bin.",True,firstTimeScore
23,uhGe7SjH7liOuiTHkFZg,2021-12-22 00:52:39.409000+00:00,few_objects,,Throw a dodgeball into the bin to score points.,Everytime you score a dodgeball into the bin you get 1 point and you lose 1 point every 5 throws.,1,I would score somewhere between 5-10 points,I scored 2 points,,False,
24,50OkWutbBlKsEJPMGbKu,2021-12-22 15:38:53.421000+00:00,few_objects,The bin has to go on top of a chair to make it more challenging.,The idea is to get each of the coloured balls into the bin.,"First, the player must choose a place to stand on the multi-coloured rug.
Each of the balls is worth a different amount. So if the player gets the the blue ball in, they score 5 points, and if they get the pink ball in they score 10 points.
If the player stands on the red part of the rug, they can 1x the value of the ball they scored a goal with.
If the player scores from the pink part, they score 2x.
They score 3x from the orange or green parts.
4x the amount from the purple or yellow parts.
If a ball is missed, they score nothing.
The game ends when they get to 300 points.",4,5 points.,5,I made it too challenging for myself!,True,"difficulty,firstTimeScore"
25,zhq2iVuBVQxs15gj7Blw,2021-12-22 16:58:43.828000+00:00,many_objects,To prepare the room for the game you need to hide the pyramid objects anywhere you can,To play my game you have to find all the pyramid objects and put them back on the cupboard,You will get a point for every pyramid you will put on the cupboard,0,I would score the maximum points - 6 points (for 6 pyramids),,,False,
27,5C0xygoyrz8PTdYR8xff,2021-12-22 17:49:42.197000+00:00,few_objects,Need to scatter the items around the room. Take the balls down from the shelf. Scatter the cubes around the room. Turn the lights and desktop computer on. ,"The game would be called ""Clean Up."" You would need to find a space to put everything away. For instance, the dodgeballs would go in the bin. The small items, phone, keys, etc..., would all be put in the drawer of the bedside table. The book and laptop would be stored on the side shelves. The square bins would be stored on the shelves in the back of the room.","Every item in the room would have a value. For each item that is put away in the correct location, the player would receive 5 points. For every item that is turned off (to conserve electricity), the player would receive 3 points.",3,50,60,"It's still pretty hard. I had trouble putting things into the proper location. Until you get the hang of it, it's really hard to put items on the shelves. It definitely took some practice. ",False,
28,xKsIJRkAQ3ELL4W0K0wq,2021-12-22 19:05:08.318000+00:00,few_objects,"the balls, and colorful rug and the cubes","lay the blocks on the colorful pat in a random order. Then I would grab the balls and turn around and toss the balls like in a bowling matter, avoiding the blocks. ","hit a block at level one the red part of pat (-5), hit on green and pink (-3) and (-1) at yellow and purple. if you make it to the end thats 10 points. you want to reach 50 points in 3 minuets. ",2,30,0,It didn't let me move my screen so I couldn't play. ,False,
29,vY50SvtI10c0YhXHIVv8,2021-12-23 16:39:56.793000+00:00,few_objects,The game starts as it is.,"You need to place all movable objects on the bed. The pillow and blanket (which are already on) don't count.
The best score is 22.",Each object placed gives you 1 point.,2,20,17,It can be a little easier if you throw the objects. ,True,"gameplay,difficulty,firstTimeScore"
30,miUxjWokGXkq0ebqTxz6,2021-12-23 16:40:15.596000+00:00,many_objects,you need to move  blocks from shelfs to carpet and form an obstacle course,"You need to put blocks from shelfs on a carpet to make obstacles then You throw a ball(big ball, small ball or beach ball) at the ramp and you need to guess which ball would go farthest for a particular obstacles",The further it goes the more points you get (1 cm is 1 point),0,100,80,It's hard to put ball on the ramp,True,gameplay
31,DfCWVG3I8HkoSioS37gi,2021-12-23 17:57:39.057000+00:00,few_objects,"The bin needs to be as far as it can from the bed. Close to the desk. The chair, that is in the middle can be moved for this to work. The cube blocks will be around the bin only to be realistic, this means the bin will not move if you hit it, the blocks will help the bin not to move.","The idea is to throw as many small objects inside the bin as you can. The clock, the cell phone, the mug, the keys, the cd, and probably the book and balls, if possible. You can only throw the objects standing on the coloured rug, you can't come any closer towards the bin. The red line on the rug is the limit.
The objects you can throw will be prepared on the nightstand and on the bed. Once there are no objects on the bed and the nightstand, the game will be over.","Each object from the nightstand thrown inside the bin gives 1 point. Each object from the bed thrown inside the bin gives 2 points.
The more points the better.",2,5,5,"There must be some changes. The objects on the nightstand (credit card, cell phone, cd, clock, mug, watch and keys) will give you 1 point and the objects on the bed (blue and purple ball, and book) will give 2 points.",True,"gameplay,scoring,difficulty,firstTimeScore"
32,ShyRlIFgTWW6vqNrd3K5,2021-12-23 18:16:09.829000+00:00,many_objects,"Take the bin and place it in any corner of the room. I used the corner that is on the bed. Also take the cube, cylinder and triangle blocks and make a pyramid (3-2-1) on the desk.","It's a mix of basketball and throwing balls in the pyramid of blocks to knock them over. I start of by trying to get as many balls as I can in the bin, to score enough points. Golf balls and dodgeballs score differently. Golf balls give 2 points, and dodgeballs give 1 point. You need to score 2 or more points in total, which can be done by a different combination of getting balls in the bin. You only have two tries for each of the 6 balls. After scoring the 2 points, you move to the other side of the room and get the remaining balls with you. You throw them and try to knock the pyramid over. For each block you knock over, you get 1 point. If you knock them all over and still have some balls remaining, you get 2 points for the dodgeballs and 1 for the golf balls that remain, and the total of the points from the balls and the points from the blocks knocked over is the final score.","I also explained it above but basically, at the end of the game, every block you knock over counts as 1 point, every remaining golf ball counts as 1 point, and every remaining dodge ball counts as 2 points.",3,"If I managed to get the second stage (meaning I managed to score enough points in the bin-basketball), I would probably get around 5 points.","I did not manage to get to the second stage, but I just acted like I did, and then I gave myself two golfballs and one dodgeball to hit the blocks. I scored 5 points, as I moved 5 of the blocks.","It is harder than I thought, as getting the balls in the bin is challenging, and I cant fit the bin properly in a corner so the balls either go behind it or bounce off and don't get in.",True,gameplay
33,G2chsLHjitbS4fASq4vq,2021-12-24 15:38:51.714000+00:00,many_objects,Bedside top drawer must be empty,How many items in the room can be stored simultaneously in the drawer,"1 point for each item that can be simultaneously stored in the drawer
Item cannot be broken
Items must fit when the drawer closes",2,7,6,"I wish there was more small items in the room.
Player would likely score higher if they start with a larger object and place small objects on top",False,
34,xGSK70m7Dh3wFZ2b8eoE,2021-12-24 15:40:00.069000+00:00,few_objects,"For the game I imagine, the room should have some hidden objects for the player to find them.","In this room, i could play ""Find the object"" in which there's a list of objects and you have to figure it out where they are.",When you find an object from the inicial list you have you win points. Each objects makes you win points.,1,100,100,"It's an easy game to find objects, but if you to make it harder put a timer.",False,
35,pOvjLn7nuSqcxgqhaNuv,2021-12-24 15:48:49.607000+00:00,few_objects,Move the two balls on the shelf to the floor along with the ramp underneath the shelf. Move the bin to anywhere you'd like in the room.,"You could shoot the balls into the bin in the room and play basketball. You could put the bin anywhere you would like into the room ie. the shelves, the desk, the bed, anywhere you would like. Shoot the balls into the bin.","Shoot as many balls as you like, every time you score you get 2 points but every time you miss you go down 1. If you hit the ball off the wall or another object, you get double the points which would be called a ""trick shot."" If you can make the book into the bin, you get 10 points. 1 time. You can get to 10 points, but if you go under 30, you lose. 10 wins.",3,10,10,"I would say that I would change how I said to put the ramp into the middle of the room. I would take that away not realizing how complicated that actually is. Also, the accuracy of the throw and everything isn't very good. I would give more leeway. ",False,
36,1aTng0m9240WEAU975WE,2021-12-24 16:45:50.924000+00:00,few_objects,You need to set up the bin on the bed and the two dodgeballs in the table. (you may need to remove the computers),you have to throw the dogeballs from across the room and you need to try to get them in the bin. You have five tries so that you don't spend all day throwing dodgeballs.,"whenever you get a point you put one of the blocks on the shelf. (on any of the two, it doesn't matter)",3,"probably a one or a two, just because you would probably need to get used to the engine's physics",0,"the desktop kind of got in the way, i wanted to move it out of the way but you can't pick it up, then it fell down and made it hard to position yourself to have a better shot at the bin",False,
37,9ntGYoDdUca5ZsjyHXdm,2021-12-24 16:49:22.695000+00:00,many_objects,"Pick up a dodgeball, put your back against the wall opposite the bin",Throw the ball using the appropriate amount of force to make it go inside the bin,"1 point per successful throw, 10 throws in a row, maximum of 10 points",3,3,2,"It's a good way to pass time if you are alone, isolated and have nothing else to do",False,
38,F2XpXd2PeEcqSIqbg1Pm,2021-12-24 16:49:57.455000+00:00,medium_objects,"To prepare the room I would leave what already is inside of it. Chairs, balls, bin, etc. But for the game what i would need would be balls, a bin, and maybe some paper from a printer","The game would consist in throwing the dodgeball to the bin, and try to put it inside. When i say the dodgeball, could also be the paper from printer in form of a ball, could be a small book, toys. The issue here is, if the player is stuck in the room, and would get bored, mind will always work its ways to stay out of boredom so it will create these simple types of games.","The scoring system would consist in if the dodgeball is big, if the player is able to put it inside the bin by throwing would give us something like 5 points. If there were smaller balls like pingpong balls, those would give us 2 points because its easier to fit in the bin. Etc.",1,"If there was a timer for lets say 1 minute, i would score something like 15 points.  Depending on the ball being thrown",6,"It is fun, time passes fast, and doesnt even remembers the player that is inside of the room locked",False,
39,1rYjOIFnlUodFt6LittX,2021-12-25 20:01:49.954000+00:00,many_objects,we need a ball,through the ball against the wall ,"if the ball reflected back to the player, he/she score a point. ",0,10,0,it needs a mechanism for catching the collided ball,False,
40,VrZQFpIsfagKuUu63Lug,2021-12-25 20:23:01.293000+00:00,many_objects,Set up the ramp on one end of the rug,use the beach ball and send it down the ramp ,"The balls that land in pink are worth 1, the balls that land in orange and blue are worth 3, the balls that land in yellow are worth 2, the balls that land in purple are worth 4. The balls that land in white are worth -1, the balls that fall off the board are worth 0",1,1,0,It was a bad game. The gameplay didn't allow balls to be moved by other balls,True,"setup,gameplay,difficulty,firstTimeScore"
41,Eqr08wgdjHiZUkX9dPEJ,2021-12-25 20:37:47.921000+00:00,many_objects,All items have been moved into one side of the room . A line on the floor has been drawn by using bridge blocks that have been frozen,The object of the game is to get the items from one side of the room as fast as possible.,"You get 30 seconds and you get 1 point for each item that you move into the other half of the room in that time.

You must count the seconds out loud or use a timer if you have one",2,10,10,The game is harder than i expected but quite fun,True,"setup,scoring"
42,6H0vL7KFk6vNRrhjGokK,2021-12-25 22:01:35.837000+00:00,few_objects,"Move the bin to a location reasonably away from other objects. Move the dodgeballs to the ground a few ""meters"" away from the bin. Crouch.","Can play a basketball like game where you shoot the dodgeball into the bin. Crouch and use left click the interact with the object. Next, hold the ball and aim towards the bin. Pick up the ball from where it lands and go back to the original position to play again.","You get 5 chances to shoot the dodgeball into the bin from the same location. Every time it lands successfully into the bin, you get one point.",2,2,1,"Game could probably be more complex, but I tried with the ramp and the limitations of the controls makes it difficult.",False,
43,vDga0ZecqYMkFML6dsf9,2021-12-25 22:09:38.112000+00:00,medium_objects,Pick up the dog bed and place it in the center of the room. Collect the three balls.,Throw each of the balls and try to get them to land in the dog bed.,1 point if you get the basketball to land in the dog bed. 2 points for the beach ball and 3 points for the dodgeball. 1 extra bonus point if you first bounce one of the balls off a wall.,2,1 point,0,It is harder than I thought.,True,difficulty
44,hSoJ0izqfmvls0GJnylN,2021-12-25 22:20:44.205000+00:00,few_objects,watch,find the hidden object,"The sooner you find the hidden object you receive more points, there are 5 minutes to find the object, if you get the object before 1 minute you receive 500 points, if you get the object within 2 minutes you receive 400 points and so on, with the lowest score being 100 points",2,300 points,400,,True,setup
45,TSeBHnKzO96Vswy4B1rh,2021-12-27 14:31:16.591000+00:00,many_objects,"Grab a bear off the bed and place it in front of the bed on the floor right in the middle. Move the pillow in the middle of the bed somewhere where it won't get in the way. Grab the second bear and put it behind the first, sitting on the bed. ","Hit the bears! Stand next to the sliding glass door near the computer desk.  Use the three dodge balls and three golf balls to try and knock over the bears. If you run out of balls before knocking over the bears, you get zero points. ",Using a dodge ball gets you 1 point if you knock over a bear. Using a golf ball gives you 2 points if you knock over a bear. ,0,3,3,"It's kind of fun, but I should have said it was easy!",True,"setup,difficulty,firstTimeScore"
46,xBnHQLQafnF1QeF5DskC,2021-12-27 14:32:41.737000+00:00,few_objects,"Take the curved ramp and place it somewhere in the middle of the room, with the far end of it being the higher end. Then find the purple dodgeball in one corner of the room, and pick it up.","With the curved ramp set up in the middle of the room, stand several feet from it with the purple ball in your hands. You will throw the purple dodgeball at the curved ramped, with the goal of trying to get it to land on the bed. ","For each instance that you throw the purple dodgeball at the curved ramp, and it lands on the bed, you gain 1 point. For each instance it lands on the ground somewhere, you gain zero points. Finally, for each instance the dodgeball richochets backwards and instead hits you, you lose 1 point.",3,-1,-1,"I actually did really well at the beginning. On my first try, I scored 1. Then I missed repeatedly, before scoring again. Unfortunately, on my last few tries, I had the ball richochet and hit my body, taking 3 points off of my (initially okay) score. So, out of 10 tries, I actually got a negative score!",True,difficulty
47,xrr4wYkEAFurS1arixWr,2021-12-27 14:52:45.930000+00:00,many_objects,"None, you just need to pick up the Beachball.",Standing off the multi-coloured rug opposite the green small ramp you can charge a throw and rebound the beachball off the small green ramp and allow it to roll back towards you and then score points based on how far it rolls and which coloured section of the rug it stops in.,"The first section in red could be 1 point for a poor throw or bounce, the larger pink section can be 3 points but the incentive should be on trying to roll it back the furthest to land in the green section for 10 points without it rolling off the mat which is possible with a fully charged shot, if you roll off the rug then you would score 0 points.",1,"It would depend on how many throw attempts you get, on a first attempt you would be likely to score 3 points because pink is the largest size and section.",3 points,,False,
48,EB9bKJMBxNqVaRtrXDuO,2021-12-27 16:45:19.458000+00:00,medium_objects,"The game player will play is basketball. At the beginning of the game you will have to build a basketball basket on the center of room. You will have few minutes to do it. You can use various items in the room like cylinderblocks to make a pipe and use a bin as a basket. But be careful, you should also take care of the safety of play (not break something).

The bin should be stable on top of the structure you have build. Player will have an extra abilities to freeze (except bin, it will be stable as long as the construction is stable) up to 3 different items. Every other usage of it will cost him 15 points.

Your goal is to achieve at least 200 points with 50 ball throwings.
Basket should be built finally at eye level when you are not crouching.","Game will be basketball, player will need to throw 3 different sized balls to it - beachball, dodgeball and basketball. They are different sized and different pointed.

Then every time he throws a ball player will be spawned in random place in the room and player will need to hit the ball into a basket.","Firstly, player will gain extra 10 points if he use pillow or dog dogbed to secure desktop screens or notebook. He loose 20 points for any extra ""freeze"".

Player needs to throw a ball to the bin without break built construction or something behind it (for example computers).

He may use any ball you want, but:
- if player score with smallest (dodge) ball you will earn 5 points;
- if player score with basketball - you will earn 7 points;
- if player score using beachball (which is too big for bin and it will be on it) - you will earn 15 points

Extra points can be achieve if the player:
- use pillows/dogbed/teddy bear to secure notebook (+10 points)
- use pillow/dogbed/teddy bear to secure dekstop (+10 points)
- use blinds to secure windows (2x 10 points)
- secure door windows (+50 points - it's diffifult to secure it), example: https://i.imgur.com/hH6ClWQ.png
- hide alarmclock in drawer (10 points)
- hide cellphone in drawer (10 points)

The fewer objects change its default position to build a basket and put it in the position of the eyes, the better.

Every time a item will be moved (except balls, opening and closing drawer and move blinds) a player will loose 5 points. That's why player gains extra points if he remember to secure room and he make the least amount of movements.
If the player broke window, notebook or ",4,70,Approximately 60 points,"I fortgot to mention that ""destroying"" window, computer or notebook will be -40 points and I destroyed desktop (I couldn't grab it buy it was on the floor).

Strength of throwing the ball was very hard, also the ball was jumping up and down more than I thought. I was playing with balls during practise but not into the bin, so my first game with throwing balls to bin was really hard. I tried to do it with various places and for many, many attempts (and broken destkop) I managed to do it with basketball.",True,"scoring,difficulty,firstTimeScore"
49,5217Qbj8V5farCF3bBJT,2021-12-27 16:47:36.480000+00:00,many_objects,"The first game: The basketball game. You need to stand at the door on the green little ball, this is your starting point. ","On your right you there should be 3 balls, your task is to grab these balls and try to throw in into the (green) bin that is between the two windows. becareful, you only have one try with one ball!",Each successful throw represent 10 points.,3,10-20,10,"It turned out, it is not as easy as I thought ist gone be.",True,difficulty
50,1El1CmicSoKZKTLe8NpP,2021-12-27 19:18:13.959000+00:00,medium_objects,Dumpster must be on the middle.,"In this game, you have to throw as many items to the dumpster, as it's possible.",Every item in the dumpster equal one point.,1,5,6,"This game is very funny, but at first, you have to set up the dumpster on the mid.",True,setup
51,OkKMZ7MxTSxfxQoPDZQK,2021-12-27 22:47:36.872000+00:00,few_objects,Take some dodgeball,throw the dodgeball in the bin,If the dodgeball enter inside the bin you got one point,1,One point,,,False,
52,rRNy5QUGjCQzjIYuZvWJ,2021-12-27 22:53:08.475000+00:00,few_objects,Stand on the carpet within the reach of all 6 Cube Blocks.,"The person stand/crouch on the carpet and throw cube blocks on the desk.
The goal is to put blocks on the desk and not to destroy/move the computer, lamp or laptop.
Player is not allowed to leave the rug.
There are 6 CubeBlocks, so the player can score up to 6 points.
","1 CubeBlock on the desk = +1 point
Moving laptop, lamp or monitor / leaving the rug = 0 points",1,4,4,The setup is required - you need to stand on the rug within the reach of cube blocks.,True,setup
53,hpLNbpSomVV4DZ5rNVJo,2021-12-28 00:36:58.625000+00:00,few_objects,"To prepare room for the game, Player have to clean the room and to move some things to the right places. ","To play my game Player have to put all cubes to the shelves, to put dodgeballs to the bin, and move the bin to the corner. Also to hide small things. ","The more  quick and clear movement, than Player will have higher score. Each right movement will bring 5 points. ",2,60,50,Hard and simple.,False,
54,3APkFcoLdilq9XtRazoa,2022-01-19 22:27:47.865000+00:00,few_objects,No need for changes,"You could play stacking cube blocks. In order to do so, you are required any cube block that you want to stack",Each cube block that you moved and successfully stacked will be counted as one point. You can only pick up any block 2 times. So if it falls only a second chance. As long as the tower stamd for 2 seconds. The highest state reached at any point in time will be counted,2,4,1,"Yes. It is harder than I thought, In my last try I had successully stacked three cube blocks. When trying to stack one more I destryed my tower. So that only one point was left",True,scoring
55,gMqKBjOWDlhMU1tl10nI,2022-01-19 23:21:41.366000+00:00,few_objects,Find the trash bin and move it to the center of the room (across from the mirror). ,"To play my game, players must find as items as possible, pick them up, and throw them in the bin.","To win a point, players must successfully land an item inside the bin on the first throw. ",2,I would score 5 points. ,I scored three points. ,,False,
56,9Aiqaq13I7lUZsLlNEfW,2022-01-19 23:48:33.078000+00:00,few_objects,grab a dodgeball from the drawers above the bed. go as far away from the garbage bin as you can and throw the dodgeball into the bin,you have to make the ball into the bin by throwing it,"you have 3 tries to make it. the less tries the more points. the cleaner you sink it the more points,",4,0,0,its really not a good game,False,
57,730QTwZ02OR88CPpsmSI,2022-01-20 00:29:05.350000+00:00,medium_objects,the objects must stay in in the inicial place as 1st shown,"The game is to tidy up the room. The objects should be placed as follows:
- book on the shelf of the desk;
- pensil, pen and cd on the other shelf of the desk;
- dodge and basketball in the bin;
- beach ball on the carpet;
- Cell phone, keys and credit card on the bedside table's drawers;
- Watch on the shelf.","each time you fix an object that must be fixed, you earn 5 points",2,55,50,"Some objects are tougher to move around without breaking, and the instructionms should include where each object goes",True,"gameplay,firstTimeScore"
58,JNLBQW5TcsbOY86oNd2A,2022-01-20 00:36:44.066000+00:00,medium_objects,"Using the blocks on the shelf, use the short cylinder, long cylinder, pyramid, cube, flat rectangle and the bridge blocks to make a tower. Hide the other set of identical blocks around the room.","The main objective is to make a second block structure that is a match to the first one. However, the blocks you need to build the structure are missing. They are hidden around the room and you need to find them. ","First, you need to find the hidden blocks. There are six blocks total.  They are worth 5 points, meaning the highest earning is 30 points.
Next, you use the blocks to match the first tower. Before you start building, you gain 100 more points. Then, 10 points get taken off of your total score every time the tower falls over or it doesn't match.",3,60,60,"Now that I've played my game, I don't wanna play it anymore. It was too finicky to put the tower together because of outside influences (computer lag, issues with depth perception) that made the game not fun for me.",True,"gameplay,scoring,difficulty,firstTimeScore"
59,YB9HWpd4rMWwS3P2mCVk,2022-01-20 15:42:09.638000+00:00,many_objects,"Move the bin near the door and get any of the balls (golf, dogeball or even basketball)","Throw the differents balls in the bin (golf, dogeball and basketball)","Throwing the differents ball in the bin give these points
- Golf balls : 2 points
- Dogeballs : 3 points
- Basketball : 4 points",3,3,0,It's more difficult than i thought...,True,"difficulty,firstTimeScore"
60,nI63T9y0c7KEzPgfadgy,2022-01-20 16:09:20.905000+00:00,many_objects,"the room would be scattered full of things, but randomly every time","so this would be a speedrunning game. You would start the game in an untidy room and would then have to follow different tasks in order to complete them all in the right order and clean up the room as fast as possible. you would have a certain amount of tasks, and it would be like a time trial. the tasks and untidiness of the room at the start would be in random orders.",when you complete a task you get one point. there would be for example 10 tasks to complete in order to tidy up the room. and when you fail one or dont do it in time a point is deducted. when you reach the specified amount of tasks the timer stops and your time gets written down.,3,i would score most points,all the points,"it is fun, but it needs instructions paired up with the gamplay. for example: ""throw the balls in the bin in 20 seconds. if you complete it you get a point""",False,
61,iEqK3y2TMsJ4UTeD7EaX,2022-01-20 16:35:49.684000+00:00,many_objects,The setum of the room requires to drop a piece of flat rectblock for 1 game into the carpet and the 3 pyramidblocks at a certain distance. ,1 game is to throw the 3 dodgeballs into the bin. Also make the longest tower using the cubeblocks on top of the recblock.,"For the dodgeballs it is necessary to drop them into the bin at the distance of the yellow reblock (10 points),  red pyramidblock (25 points) and blue pyramidblock (50 points)
if it is too close to the bin, no points will be given (0). Adittional points will be given to the farthest distance to the bin (all 3 balls in the blue pyramid for 100 additional points). For the tower, there are 30 points for each recblock succesfully placed in a vertical position, and 100 points in total for making the tower of 3.",3,110,180,"The score for the dodgeball is too ambiguous, maybe I would modify that using the pyramid blocks ad a measurement of distant between the bin and the player.",True,"setup,scoring,firstTimeScore"
62,5IuRnM4sMvHnyLOcBIuC,2022-01-20 16:41:13.556000+00:00,medium_objects,All items should be in their place of origin (laptop on desk etc.).,A player must collect 2 different items and throw them from one end of the room on the bed. If any item fall of the bed a player should start a game again.,"Big objects like laptop, mattress, chair give a player additional 5 points. Every lost round (when any item fall off the bed) cause minus 5 points. 1 small/middle item gives a player 1 point.",3,"Maybe minus 20, because this is quite a challenger I think.",0,Instruction wasn't clear enough. Game is too hard for me to finish.,True,"gameplay,scoring"
63,GF4TTr6H2CftJ4nrR8oj,2022-01-20 16:51:31.846000+00:00,medium_objects,Ensure there are no objects in the middle of the room.,"The game is called Object Stack. Using the objects in the room, the player is supposed to stack objects vertically, on top of each other.

For increased points use any non-block objects.

The game ends when an object falls from the stack.",The scoring system is 1 point for each wooden block (available on the shelf in the middle of the room) stacked and 2 points for each non-block object (everything else) stacked.,2,6-8 points,4,"I need to elaborate regarding instructions and rules; I feel I missed some key points-

Freezing objects isn't allowed. All other controls are OK.

The game ends when a placed block falls off the stack.

Points are only gained for objects that are stacked vertically.
",True,"gameplay,scoring"
64,PviHN8QezQVs6fynlANx,2022-01-20 20:14:23.327000+00:00,many_objects,,"Throwing the dodgeballs into the bin, standing at different distances.","The further you are, the more points: next to the bin = 1p, carpet edge = 2p, against the wall = 3p.",1,2,2,"I described balls wrong, I meant dodgeballs.",True,gameplay
65,ZSRiFalssazyXG8Qui4j,2022-01-20 20:42:53.235000+00:00,many_objects,enter,get all the balls on the bed,count balls after time x,1,I would find this really difficult. Indeed it is annoying me. I'd give up after 3,2,The game is ok but my skills are rubbish. It was fun that my first ball on the bed got knocked off by my second. I swore.,False,
66,sarF2f4w4geYW16PILR2,2022-01-20 22:14:19.900000+00:00,medium_objects,"Take the two BridgeBlocks and the two CubeBlocks from the shelf, and place them on the ground near the door, not too close to each other (and freeze them).
Take the two CylinderBlocks and put them next to the two LongCylinderBlocks on the lower shelf.
Put aside all the other blocks somewhere, so that only the cylinders are on the (lower) shelf, the top one should be empty.
Place the DogBed next to the SmallRamp on the ground, and take the Dodgeball.","The game is to guess where the Dodgeball will end up after throwing it.
Pick one of the building blocks from the lower shelf and put it on the top shelf. The block with the corresponding color is the one you are betting on. (So you put a block on the top shelf to signify that you think that the block with the same color that's on the ground will be the one that's closest to the ball after the ball stops.) (We say that the light blue block has the same color as the dark blue one for the purpose of this game.)
Stand (or crouch) on the DogBed with the Dodgeball in your hand, and throw it in the direction of the door (for extra challenge it could be a requirement that it has to bounce off of the door). Try to aim it so that it ends up next to the block you picked. After the ball stops, assess which block it is closest to (use your honest judgement, but if there's an equal distance to more blocks, throw it again).
If you guessed correctly, the block you picked is removed from the shelves (permanently), but the corresponding block on the ground stays there! If you guessed incorrectly it should be put on the lower one again, and you can pick a block again (or leave it on the top one if that's your pick for the next round as well). When all 4 blocks are removed from the shelves, the game ends.","When you correctly guess the block, you get 10 points. For incorrect guesses you lose 1 point. (You can have negative amount of points as well.) When the last block is removed from the shelves, you get 100 points, just so you feel better about your performance, then the game ends. :)",4,115,132,"If the ball doesn't have to bounce off of the door, it's much much easier.",False,
67,vgtHV3viTuaAEBMr9m0t,2022-01-20 22:41:52.981000+00:00,medium_objects,"Put 2 long cylinder blocks, 2 bridge blocks, 2 flat rect blocks and 4 cube blocks in a triangle formation like bowling pins, with the point of the triangle facing the bowler, and put them in front of the desk, remove the chairs to the side.","Use dodgeball, basketball or beachball as a bowling ball and hit the blocks, release the ball from on the carpet, cannot come out of the carpet.","If using dodgeball, the number of cubes that are knock down are the number of points a person gets; if using basketball, the number of points are the number of knocked down cubes multiplied by 0.7: if using beachball, the number of points are the number of knocked down cubes multiplied by 0.5. A single game consists of 8 frames, with each frame consisting of 2 chances to knock down for each person.",1,64,30,It is more difficult to play than I thought on the computer. ,False,
68,FDEjFQ4l4RicsJzAe2BG,2022-01-21 00:30:40.147000+00:00,medium_objects,All movable items must be piled up on the computer desk. ,"With all movable items piled up on the computer desk, start the game. The game is to move all the items from the computer desk to the empty shelf near the bed. All items must be stacked there neatly. Anything just shoved on there, or close to falling does not count.

The computers, laptops and chairs are not used.  Be wary of the bed, because items can be lost on it. Do not go too close to the wall with items, as they will clip and then be lost. ","Each item with flat edges stacked gets 1 point.
Balls get 1 point.
Odd shaped or oversized items get 2 points each.

All items not placed on the shelves subtract 2 points.

All items not neatly placed will result in a subtraction of 4 points. ",3,"Because the controls are not precise, i'd probably get 0 points.",-45,"The depth of field in the game is an issue. It makes it harder to drop items. Also, the bed became an issue. Items (such as the pen and credit card) got stuck to it and were not able to be picked up.

I wanted to drop the balls on the bridge pieces, the balls wanted to bounce too much, instead of settling. This became a frustrations. The book did not want to go on the shelf, and it should have been the easiest.
I should have limited the items to items that could reasonably fit on the shelf, but since i included all items, i doomed myself.   ",True,"gameplay,firstTimeScore"
69,I1OpGx1BtTByOehoxKDq,2022-01-21 01:07:42.722000+00:00,many_objects,"3 dodgeballs, one curved ramp set up against the bin, 3 cylinderblocks and 3 cubeblocks  ",The objective of the game is for the player to score as many points in a row by launching the dodgeballs through the curved ramp into the bin,"After each succesful throw, the player sets up a cylinderblock as a way to keep track of scoring. After 4 succesful throws the player earns a cubeblock.",2,4,2,"It's really simple but surprinsingly entertaining. It could be improved by taking the dodgeballs out of the bin before making another throw, since that makes scoring difficult after 2 points. Which could be seen as another layer of challenge",False,
70,EeEZO5cBjEuKYTBYmfHX,2022-01-21 14:59:54.169000+00:00,many_objects,"Take the bin and put it on the floor, in front of the computer, just in the same place where the chair is (put away the chair first). Then take these objects to throw: 3 dodgeballs, 3 golfballs, 3 triangle blocks and 3 pyramid blocks and put it next to the drawer where the alarm clock is, near the bed. Now take the Curved Ramp and put it in front of the Bin, creating a route for the golfballs for more fun.","With the setup ready, place yourself just in front of the bed, you can put a pillow on the floor as a reference. The objects to throw should be next to you, on your left. To score points throw the objects inside the bin without getting closer to it. You can stand up or you can crouch. If you hit the computer desktop or the laptop there is a penalty.","Triangle blocks give 1 point if they fall inside the bin, pyramid blocks give 2 points, dodgeballs give 2 points, golfballs 3 points. If you use the curved ramp when throwing a golfball (only golfballs) you get 6 points. If you hit the computer or laptop you lose 1 point and you can go below 0 points. So you can end the game with -2 for example.",3,3 points,2. (-1; +1; -1; +3),"Maybe it's too short so I could add other objects. The ramp give a lot of points but is very hard to use. Also, breaking a computer is not convenient, and I did.",True,"setup,scoring,firstTimeScore"
71,XexzCkW95vUcVYAFhSA9,2022-01-21 15:00:23.787000+00:00,many_objects,It's necessary for the player to position the pillows on the bad as well as the bridges on the floor. It's also necessary for the cylinder blocks to be positioned in challenging spots.,"The game consists of a player, throwing dodgeball to hit the pillows on the bed or using the golfballs to get the ball to go under the little colored bridges. They must throw from the wooden triangle ramp close to the desk and can't hit the colored cylinder blocks, if they do, that throw doesn't count. The player has 10 turn to do the max score he can (the pillow and bridges both score 1 point) ","If the player hits the standing up pillows on the bed with the dodgeball, or throws a golf ball to go under the colored bridge blocks they score 1 point. If the dodgeball or golf ball hits 1 or more cylinders, even after hitting the objective, the throw doesn't count.",2,6,7,"It could be very easy or very hard, depending on the skill the player has on throwing things. Either way, it's a fun game to play and with custom adjustments such as the positioning of the objectives and the cylinders, the game can easily become harder or easier",False,
72,gPJmGRgPdHSlBI7IMc3z,2022-01-21 15:02:00.526000+00:00,many_objects,"this game is throwing balls at the teddy bear.
initial setup requires:
1) put the teddy bear in an upright position on the bed.
2) the 7 balls (3 dodge balls, 3 golf balls, and 1 beach ball) are put together in one place below the chair at the computer desk.
3) the player sit on the chair.","to play the game, the player throws the balls one by one at the teddy bear to make it fall.","each time if the player hits the teddy bear and make is fall (not in an upright position) the player gains 1 point.

The player must score at least 7 balls to win and lose otherwise.",2,"I would score around 5/7 on the first time playing, but will improve over time..",5/7,"probably too much for 3 rounds, 1 round is enough. Also the teddy bear falls the play has to pick it up, thus consuming time.",True,"scoring,difficulty,firstTimeScore"
73,7r4cgxJHzLJooFaMG1Rd,2022-01-21 16:16:04.551000+00:00,many_objects,"At first you have to place the bin to the centre of the room, and frezze it, then prepare all the dogdeballs near to you.","You have to stand as close as you can to the table, and try to throw the dogdeballs and the golfballs in to the bin. ",If you succesfully throw a dodgeball to the bin you get a score.,3,10,2,You can also use the golballs.,True,gameplay
74,1HOTuIZpRqk2u1nZI1v1,2022-01-21 17:02:53.473000+00:00,many_objects,"You must play with the golf balls, the bin must be frozen, also one yellow pillow must be placed in the middle of the room, frozen too","Throwing golf balls on the bin, trying to make them fall inside of it from a short distance, set by a yellow pillow. It must be placed oin the middle of the room, right infront of the bin. You have to throw 10 times a golf ball from the yellow pillow. If they fall on the bin you score.",There would be 10 chances of throwing. Each ball that falls on the bin would give you 5 points,3,15 points,I scored 0 points,It's harder than I thought. I think it would be better if you have the 10 chances from the mid way distance,True,"setup,gameplay,scoring,firstTimeScore"
75,QyX7AlBzBW8hZHsJeDWI,2022-01-21 21:05:25.902000+00:00,few_objects,The setup in the room is as it appeared. No additional requirements to play the game.,"Picking up and dropping off the round ball into the bin basket. The player has five attempts to get a 5 star rating. If, after five attempts, the player is not able to successfully drop the ball in the basket, the player loses the game.",The player gets 5 star when the ball is successfully dropped in the bin basket. The player has five attempts to achieve the 5 star rating. ,3,No star.,5 star,I think the game is at medium level (difficulty level).,False,
76,vfh1MTEQorWXKy8jOP1x,2022-01-21 22:50:15.504000+00:00,few_objects,,"To play may game, you throw the 6 CubeBlocks in the bin. You stand on the carpet, either on the yellow spot or the pink spot.

The CubeBlocks are quite big so you end up with a pile of blocks: some of them are inside the bin and some of them are over it resting on top of the ones that are inside.

You have at most 18 tries to throw all the CubeBlocks succesfully (a throw is succesful when the block ends inside the bin or on the pile)

When you have thrown all the CubeBlocks, you stand on the yellow spot and throw the two Dodgeballs at the pile, trying to knock over to the floor as many CubeBlocks as possible.","For each succesful throw of a CubeBlock you get 10 points if you threw the block from the pink spot, or 15 points if you threw the block from the pink spot.

If you threw all the blocks succesfully from the yellow spot you get an additional of 15 points.

If you manage to throw all of the 6 CubeBlocks succesfully in 18 tries or less you get an additional of 15 points.

Finally, for each block you knock over using the two Dodgeballs you get 20 points.",3,80,95,It is very difficult to get maximum points.,False,
77,f2WUeVzu41E9Lmqmr2FJ,2022-01-21 22:51:18.274000+00:00,many_objects,"To prepare the room for the game you have to pick the bin and move it to a place you want it, it can be moved next to you or a few feet away from you, also, you have to pick and carry the dodgeballs with you from the distance you will throw them in purpose to insert them into the bin, the farder you insert the dodgeballs the more points you will gain.","You will play a game where you will insert the dodgeballs into the bin from the distance you consider you will insert all the dodgeballs into the bin, but, the farder you insert the dodgeballs the more points you will gain.  (The minimun close distance to the bin is one step far from it)","First you will find a position for the bin, so, after that, every step you are far from the bin it will represent the points you will gain if you insert one of the dodgeballs into the bin (after you walk a step for a single direction the next step you walk it has to be different to the opposite step you did before), so, when you are ready  you will try to insert the three dodgeballs balls into the bin. Example, I already positioned the bin where i wanted and I walked three steps to the right and three steps to the front far from the bin, so by then if I choose to throw the dodgeballs from here, each of the balls that I insert into the bin will gain me 6 points.  (The minimun close distance to the bin is one step far from it)",2,"You can imagine different scores, it depends on how far are you from the bin and how good are you on  throwing the balls. For example, in my first try I will posisionate the bin one step next to me, so, as far I know if I insert all the dodgeballs into the bin I will gain three points.","I did cero points, I didnt insert none of the balls","Now that Ive played my game, I have some observations, one of them and the most important is that you have to be conscious of your distance from where you can pick the dodgeballs because once the game is set up you cannot move anymore and another observation is that you have to count your steps since you are in front of the bin.",False,
78,Tcfpwc8v8HuKRyZr5Dyc,2022-01-22 00:15:16.270000+00:00,medium_objects,The Teddy bear needs to be moved to the floor  and placed at  the left foot of the bed. It has to be in a sitting position and facing the dog bed. The beachball needs to be placed on the floor near the wall at the right foot of the bed . The bin and basketball need to be moved from that area and placed near the drawer ,The player stands near the dog bed and throws the dodgeball at the beachball which is behind the teddy bear. The objective of the game is to move the beach ball from its position without disturbing the teddy bear from its sitting position.,The player scores 3 points for every throw in the beachball moves without the teddy being displaced from its sitting position .The player scores -1 if the teddy bear is displaced from its sitting position even if the beachball moves,2,3,-1,It 's harder than i though,False,
79,FyGQn1qJCLTLU1hfQfZ2,2022-01-22 01:59:03.543000+00:00,many_objects,The setup for the game is fairly simple. There are only two objects needed to play the game: the bin and the golf balls.,"The player will be provided with golf balls and a bin, situated at a far spot of the room. The balls will have to be thrown from a pre-determined distance. The goal is to throw the balls inside the bin.","A player scores a point every time a throw ends inside the bin. Since the number of golf balls is limited, the player will have to pick up the balls after throwing them in order to continue playing. ",0,I think I would be able to score a point every four throws at least.,I scored one out of my three throws.,"I believe it is fairly simple but there seems to be a problem. It looks like the balls can not be picked up from inside the bin. A solution that I found is to pick up the bin using the left mouse button, rotate it in a way that it will make it possible for the balls to get out of the bin and reposition the bin at the place that it was before.",False,
80,9C0wMm4lzrJ5JeP0irIu,2022-01-22 01:59:43.025000+00:00,few_objects,,"To play my game you should move objects to the center of the room based on a color order. The color order is Pink, Blue, Brown, Multi-Color (Plaid), Green, then Tan.",You will receive one point for every object moved in the correct order. ,1,I would score near perfect.,6,Now that I've played my game I think it would be fun for a small child.,False,
81,39PytL3fAMFkYXNoB5l6,2022-01-22 02:25:21.606000+00:00,many_objects,Put the bin any where by the desk by the two posters. Put the ramps or other objects around the bin but keep the bin free from any objects directly in front of it.,Take the three dodgeballs and try to get it in the bin. You must stand on the carpet. Anything over the carpet is out of bounds. Try different angles and power to create cool shots. ,Each ball in the bin counts as one point. 3 is the goal.  ,3,1,0,Its silly but its something I would play bored at home in real life. ,False,
82,WtZpe3LQFZiztmh7pBBC,2022-01-22 16:33:22.608000+00:00,many_objects,,I would like to play how many balls can you drop/throw in the bin within 5 minutes. You can stand anywhere in the room to get the ball into the bin.,Each ball that one throws in the bin is 1 point.,4,2,1,Maybe people should get more than 1 minute to play (5 mins would be better),True,gameplay
83,79X7tsrbEIu5ffDGnY8q,2022-01-22 16:36:46.212000+00:00,many_objects,Put the bin in between the two computer chairs laying with opening horizontal to the ground grab a dodgeball and go to the edge of the bed,standing at the edge of the bed attempt to throw or bounce the ball into the bin,each dodgeball is worth 1 point you get three chances to score 3 points if you make all the dodge balls then you use golf balls to add to that score each worth 1 point so in a perfect game you could score 6 points,3,0,0,It works great I rimmed out on one of my shots but defiantly is fun to play,True,firstTimeScore
84,jCc0kkmGUg3xUmUSXg5w,2022-01-22 18:46:24.805000+00:00,few_objects,"To set up the game, take the numerous small objects such as the CD, watch, phone, credit card, pen, pencil, or keychain about the room and place them in hiding spots. Try to cover them with some of the larger objects such, such as the chair or pillow, or get playful and rearrange building blocks to provide obscurity. ",The game is a 'find the object' game where you are presented a room and go through to find every object on a given list. ,"There are seven objects (the CD, watch, phone, credit card, pen, pencil, and keychain) and each are assigned a point value of 100. The player has a certain amount of time, such as 3 minutes, to find every object on the list. With every second that passes, reduce the player's score by 2.",1,550,,,False,
85,9dQSLmtxxIBy0Rsnc8uu,2022-01-22 18:58:53.767000+00:00,few_objects,"I think there's an obvious and easy to setup throwing game with the objects in this room. Presented here you can use the trash can and the cubes/balls, but any sort of safe, toss able object and receptacle should work.","Stand in the pink square on the carpet and pick up one of the six cubes. Aim for the bin and throw. each cube. You get one chance with each cube, and if you do make it into the bin, you need to remove the cube.","The light beige cubes are worth 1 point. The dark beige cubes are worth 2, and the blue cubes are worth 3. Your total score is the total at the end of throwing the cubes. You lose one point when you throw a cube, but you cannot go into the negatives. You can pick the cubes in any order.",1,3,5,"I think it's a pretty volatile game. The order that you pick your cubes in is huge, because you can save your highest scoring cubes for the end and use the lowest cubes to figure out how to shoot.",False,
87,6ZjBeRCvHxG05ORmhInj,2022-01-22 19:54:39.542000+00:00,few_objects,Place the waste basket on the desk against the wall,you take 1 of 2 objects - either a dodgeball or a play block. you must stand on the carpet and throw either one of these objects towards the waste basket on the table in an attempt to get either object (dodgeball or play block) inside the trash can opening,"2 points for successfully scoring a ""basket"" with a dodgeball, 1 point for successfully scoring a ""basket"" with a block",4,1,0,it's a lot harder than i thought it would be,True,"difficulty,firstTimeScore"
88,SQErBa5s5TPVxmm8R6ks,2022-01-22 21:13:55.214000+00:00,few_objects,"Place the bucket on the bed and round pillow, slightly angled  so it is tilted to face the computer at a 45 degree angle. Take the 6 blocks from under the shelf and stack 3 on both sides of the bucket. take a ball from the shelf to use as the game ball. I prefer the pink ball. The throwing line is the back edge of the carpet. ",Try to make 5 baskets out of 10 throws. ,"One basket equals one point. You only have 10 throws in total, and three misses in a row ends the game as a loss. Alternatively, missing the bucket and knocking over either of the cube stacks on either side will wipe your score clean and end the game as a loss. To win the game, you must make 5 baskets out of 10 tosses. ",3,0,0,"It is very hard to throw the ball in the basket using these mechanics. I should lessen the negative impact of missing a throw. For example, take away the -1 score from missing. Instead, now you simply need to make 5 of 10 throws to win. ",True,"setup,gameplay,scoring"
89,ktwB7wT09sh4ivNme3Dw,2022-01-22 22:03:24.545000+00:00,medium_objects,Player has to take the monitor off the table using other objects. Player takes the green Bin and places it on the center of the table facing bed side of the room. Bin must be frozen.,Player has to pick up one of the three balls that are present in the room and throw them using hold mouse button into the Bin. Player has to stand on the rug during throw for points to be counted. There is three minute limit to play the game. The minimum score to win is ten points.,"Scoring Dodgeball grants +1 point, scoring basketball grants +2 points. Throwing beachball from rug position to the bin so that ball is standing stable on the bin grants instant win.",4,4-6 points,,,False,
90,xMUrxzK3fXjgitdzPKsm,2022-01-22 22:07:25.779000+00:00,many_objects,"It is fairly simple, arrange a spot where the ball should land. Not too far away but close to other objects that interfere the bounce of the ball. Avoid adding large obstacles that are too close to each other because that can create an invisible wall. ","The idea is to get the dodgeball inside the dog bed. It requires bouncing only one time in the floor before arriving in the dog bed. It only can be achieved with the dodgeball, since the beach ball does not bounce a lot. ","You get infinite tries, you need to get the ball to the dog bed. It could be arranged to have some rewards for how many points you make. The rewards could be Netflix or something. ",2,1 out of 10 tries.,8 times out of 45,"I like it because it can be challenging to throw the ball with the sufficient force to make it pass the chairs but in the correct angle for it to also bounce and fall in the dog bed. But, sometimes the chairs make some invisible wall that does not permit the ball to bounce further. Thus, it kind of makes it even more difficult. ",True,"setup,gameplay,scoring,difficulty,firstTimeScore"
92,NJUY0YT1Pq6dZXsmw0wE,2022-01-22 23:07:57.012000+00:00,few_objects,We have to hide some items behind or inside other items,Find all secret hidden items,"Player gets points depending on the item found. For example, smaller items or items inside furniture could award more points.",0,Max score (8 points??),"8 points (the max, because I know where I hid the items :/)","It's a silly game but unfortunately I could think of anything better using the environment and items provided. Tried to make an ""easter egg"" white the blocks which (look like that) can be taken down with the dodgeballball on the curved ramp.",True,firstTimeScore
93,R9nZAvDq7um7Sg49yf8T,2022-01-22 23:16:30.965000+00:00,many_objects,"For this game I would need to have the trash can in some specific spot, but that spot can change. The player would have a dogeball in the hands and try to score it the trash can.",A game I could play in this room is a classic basket. Just pick up a dogeball and try to hit it inside the trash can.,Each throw inside the trash can would give the player 1 point. Otherwise 0 points.,3,I would score 0 points,0 points,"I find it a bit harder than I thought, but it's possible",True,difficulty
94,IvoZWi01FO2uiNpNHyci,2022-01-22 23:40:50.483000+00:00,many_objects,Leave all objects where they are to start the game.,The object of the game is to throw the golfballs and the dodgeballs into the trashbin. You pick up a golfball or dodgeball and then stand with your back against the mirror on the door and try to toss it into the bin. You have 8 attempts to make it into the bin. Highest score wins,You get 3 points for each golfball you make into the bin and 6 points for each dodgeball you toss into the bin. ,3,9,15,The amount of attempts should be limited to 8. Also it should be 5 points for each dodgeball and 3 per golfball. ,True,"gameplay,scoring,difficulty,firstTimeScore"
95,6XD5S6MnfzAPQlsP7k30,2022-01-23 00:16:30.044000+00:00,few_objects,"Pick up the bin and put it next to the chair, below the laptop.","Go to the pink zone in the carpet, pick up a dogeball (in the wall) and try to throw it into the bin. You can only throw tha dogeball in the pink zone. You can't zoom in or zoom out after picking up the dodgeball.","For each dogeball you put in the bin you got 1 point, if you miss you lose 1 point. For every bounce the dogeball makes before entering the bin you get 1 extra point. You can't have less than 0 points. You got 5 minutes to make as many points as you can.",3,10,12,"I think the game is simple, fun and can entertain someone for as few minutes.",True,"gameplay,scoring,difficulty,firstTimeScore"
96,LTZh4k4THamxI5QJfVrk,2022-01-23 00:16:54.222000+00:00,few_objects,,"The game is basically a game composed of several minigames, from hitting the balls in the bucket to trying to build the biggest tower of random objects","Each ""basket"" is 3 points, each thing breaked is 1 point and the biggest tower made is 1 point per object and 5 additional points if is a new record",1,20,23,"Its a pretty simple game and so became really boring really fast but in this room is dificult to make better, at least for me",False,
97,4WUtnD8W6PGVy0WBtVm4,2022-01-23 02:36:11.871000+00:00,medium_objects,,Player takes the red Dodgeball. They stand anywhere outside the rug in front of the SmallRamp. They throw the Dodgeball so it hits the colors on the rug in front of the SmallRamp. Player has to score as many points as possible in 1 min.,"If the Dodgeball hits the colors in front of the SmallRamp, then player gets 1 point.",1,25,11,It was way harder than I thought it would be. I shouldn't have made it so hard.,True,"setup,gameplay,firstTimeScore"
98,5lTRHBueXsaOu9yhvOQo,2022-01-23 02:53:28.456000+00:00,medium_objects,"Move the trash bin over so its not under the cabinet, and get the three balls and move them onto your bed.","You toss the various balls from your bed while laying down and bounce it off of the wall into the trash bin. If the throw the biggest ball in first you won't be able to fit the smaller ones in, so you have to use strategy to get the most points.",If you land a ball into the trash bin you get 1 point for the big ball 2 points for the medium ball and 3 points for the smallest ball. If you get all 3 balls into the trash you get a total of 6 points the maximum and you win.,4,"Probably atleast 1, it pretty hard to miss the biggest ball.",I scored 0,"It seems a bit short, and the difficulty seems a bit harder than i thought it was going to be before playing the gamed",True,difficulty
99,8cc9xnijzmS7uwGDaAoL,2022-01-23 02:56:27.982000+00:00,few_objects,,"pick a cubeblock and try to throw it on one of the shelves, you have to stay in front of the bed","the score is 6/6, you have to get one cubeblock in in three attempts",1,1,0,I could change some rules and it was harder than I expected,True,gameplay
100,9kyHjMMQRK3eP9vlLpw0,2022-01-23 15:33:50.652000+00:00,medium_objects,"Place the bin on top of the bed and the dog bed on the floor in front of the bed, in line with the bin.","Standing at the desk, try to throw the dodgeball into either the bin or dog bed as many times as possible within two minutes.",Three points for landing the ball in the bin and two for the dog bed.,2,I would score at least four I would say.,I scored seven,It's simplistic but fun enough and somewhat challenging.,False,
101,T2dYV1nPh5cmt3NBELdS,2022-01-23 15:39:23.007000+00:00,few_objects,"the bin needs to be ontop op the bed,plcae the chairs out of the way since the would not be of use within the game,place the ramp infront of bed facing the desk (so that ball rolls from ramp to desk if it falls on ramp),place 2 blue blocks about 1metre from desk and yellow blocks about 2 metres from desk infront of blue blocks.","the balls will be used to try and throw them into the bin that is placed on the bed,by standing behind the blue blocks it will be a further distance to throw,by standing behind the yellow blocks it will be closer to the bin and thus easier to throw balls in.if you miss the bin the balls will fal on the ramp and roll back to the starting point (either behind blue or yellow blocks depending on how difficult you want it to be)","If you throw a ball in from behind the blue blocks it will count as 10 points,where throwing a ball in from behind the yellow blocks will count as 5 points.If you throw both balls in from behind the blue blocks it will count as 30 points and if you throw both balls in from behind the yellow blocks it will count as 15 ponts.Once you miss both balls on a attempt your points will reset and the goal is to reach 50 points to move on to different level.",3,5 points,,,False,
103,NurIP8Ey70FomFLL0VSr,2022-01-23 17:02:50.820000+00:00,few_objects,"trash placed on middle of a carpet, two balls and bed that we can place trash on","Throwing balls in the trash that is laying on the bed, ten rounds",hitting in the middle for two points and hitting hoop for one point,2,9-10,10 points,"I made mistake on the description, not placing it on the carpet but only on bed, and you have to be standing on the other side of the room close to desk",False,
104,bPMm01GV1jVMlw7DIH89,2022-01-23 19:37:39.607000+00:00,few_objects,You have to move the bin so it lines up with the inner side of the second balcony. You use that line to put the bin in the middle of said line. Freeze it there.,You have to pick u a dodgeball and try to throw it in the bin standing on the outer edge of the rug.,The dodgeball has to get inside the bin but not necessarily stay there. Each hit counts as one point. You have a set amount of time to complete the challenge. 5 minutes. But it can be increased of course.,4,3,2,Well getting the right angle and power is quite tricky. It often bounces from the rim and the mouse sensitivity does not help. Definitely harder than anticipated.,True,"scoring,difficulty,firstTimeScore"
105,B02vfA7ZpP1xhDyqeYVd,2022-01-23 19:37:57.069000+00:00,few_objects,"Move both chairs out of the way, they could go on or near the bed. Pick up and move all 6 cubeBlocks and move them to the colourful matt near the bed. Make sure the desktop has nothing underneath the desk. Throw the dodgeballs as hard as possible to create randomly placed obstacles wherever they land.","The game is called Save the wood. The rules of the game are to use the blue cubeBlock and the white cubeBlock to create a path from the bed (or as close as the game with allow you to get to the bed to create a path of blocks from the bed to underneath the desktop computer. YOU CANNOT THROW THE WOODEN cubeBlocks (they are to be saved). You can only use the blue and white. You throw them, one after another and they must land extremely near each other so they are touching to create your path to the desktop computer where they (the pure wooden blocks) are saved. Hence the name 'Save the Wood'","The scoring system works as such: When you create one path you leave 1 wooden block (one of the two pure wooden blocks) under the desk. You then restart and (again only using the white or blue blocks) you create a path - throwing blue and white block after blue and white block - to create a path from the bed to underneath the desktop. You have completed the game when you have both wooden blocks under the desk.

You could even incorporate the 2 dodgeballs into the game and throw them at the beginning of the game, to create obstacles which you must play/play around when creating your path from the bed to underneath the desk.
",1,I would score 2 wooden cubeBlocks but it would take me between 15 - 20 minutes to achieve this score.,2 but I took a shorter amount of time than I thought.,"Yes, I changed my gameplay a little. You must throw different coloured block one after another, SO it must be blue then white and then blue and then white (Or vice versa, it doesnt matter which colour cubeBlock you start with as long as it is different from the next coloured block). You must also incorporate the bin as an obstacle, when you are trying to 'Save the Wood'.",False,
106,tVL75ycOZHTAKgeqLs6H,2022-01-23 20:07:38.661000+00:00,few_objects,"You need to place the bin in a place where it can be used as a basket, and it must be frozen in place",You have to throw the balls inside the bin,"The cubeblocks are used as points. You start with 0 points and your goal is to reach 6. If the ball goes in the bin, you gain 1 point. You have 15 attempts per game",4,5,1,It's way harder than I thought it would be,True,"scoring,difficulty"
108,jYnmaydkg4c0KmGFfgp3,2022-01-23 22:19:01.315000+00:00,medium_objects,"Clear the bed and the nightstand of any items, then place the two LongCylinderBlocks onto it, at its extremities, and one CylinderBlock onto the nightstand. Put the two PyramidBlocks onto the LongCylinderBlocks. Place the Bin onto the bed, in between the two LongCylinderBlocks. Put the Beachball, the BasketBall and the Dodgeball onto the DogBed (or next to it).","Over the course of 3 rounds, you will throw the three balls you have in the room to items placed on the bed. The goal is to knock off the PyramidBlocks without toppling the LongCylinderBlocks, and to put one or more balls in the Bin. You can also knock off the CylinderBlock from the nightstand. The Beachball is too big for the Bin, so you have to throw it in a way that makes it rest onto the top of the bin. You will throw the balls from a position next to the DogBed. If a ball ricochets back in a way that would enable you to pick it up, you can throw it again. A round ends when you have no more balls to throw. After each round, you will have to reset the position of the items on the bed, and to put the balls back onto the DogBed.",Each PyramidBlock knocked off is +3 points for the player. Each LongCylinderBlock toppled while trying to knock PyramidBlocks off is -3 points. Knocking the CylinderBlock from the nightstand off is +1 point. Putting the Dodgeball or the Basketball into the bin is +2 point. Throwing the Beachball into the Bin is +4 points. Balls that miss net 0 points; that includes having the Beachball slide off the top of the Bin.,3,3,4 points,"Maybe more items that are easier to knock down should be added. It's tough, because it's difficult to ""get a feel"" for the throws you are doing due to the simulated physics.",True,"setup,gameplay,scoring,firstTimeScore"
109,HMosyugAD4iHS8V6ajD6,2022-01-23 22:29:36.057000+00:00,many_objects,"You will need: balls, wooden triangles, a garbage can, pillows, a white circle, wooden cubes","You can play throwing the ball into the trash can, throwing pillows to the designated object (white circle), throwing cubic dice on the top shelf",One point is awarded for every single task completed,0,throwing cubic blocks onto the top shelf,6 out of 8 points,,True,firstTimeScore
110,wi9ubMsI5cDptid12cm2,2022-01-23 23:10:18.203000+00:00,few_objects,"First you need to cut the room in half. For this purpose pick up the two Chairs and place them in front of the door, one close to the door and one close to the wall on the other side of the room. Than place the Bin to the corner under the two balls facing it's lowest side to the corner. Finally collect 10 items and bring themm in front of the computer desk - the items: 2 Dodgeballs, 6 Cubeblocks, 1 Alarmclock, 1 Book.","This game is a basic basketball game. Your goal is to toss the 10 items into the Bin. You can toss only from behind the imaginary line created by the Chairs. Before beginning the game you may try throwing the items as many times as you please. After starting you may follow the instructions below:
Dodgeballs: you have 3 tosses each, 6 in total.
CubeBlocks: you have only 1 toss each, 6 in total.
AlarmClock: you have 1 toss.
Book: you have 1 toss.
If you toss the Dodgeballs or have more than 1 item in your Bin, you can cross the halfline and clear it preventing the overfill.","Each succesfull Dodgeball toss worth 8 points - 48 points total.
Each CubeBlock worth 5 points - 30 points total.
The AlarmClock worth 20 points.
The Book worth 50 points.
Total points: 148 points.",1,60,102,Aiming with DodgeBalls is much harder than I thought.,True,"gameplay,scoring,firstTimeScore"
111,ZBcXIZbvTS3U4IBGk1zk,2022-01-24 00:49:09.530000+00:00,medium_objects,"Balls
Bin
Small Ramp
One player","You need to throw the three balls into the bin. At the first round there are no obstacles, you just need to score the basket from the opposite corner. The next round, there will be one small ramp between you and the bin; you need to roll the ball, which will pick up momentum with the ramp; you need to score a basket to win the round. For the last level, there will be more obstacles: You will need to throw the ball and it will hit at least three block figures before fall into the bin. ","At the first level:
Red little ball: 1 point
Medium ball: 2 points
Big ball: 3 points.
You need at least 3 points to pass to the second level.
Second level:
Red small ball: 2 points
Medium ball: 3 points
Big ball: 5 points
You need at least 5 points to succes
Final level:
Red small ball: 3 points
Medium ball: 5 points
Big ball: 8 points
You need at least 8 points to win the game.
In every opportunity you can try 5 times and you can choose which ball you will throw or even change the ball, but once you basket it, you can't take it back",4,0,3,I think that it's harder than I thought,True,firstTimeScore
112,KO8pbUWEpZldxy7AzyM5,2022-01-24 00:50:16.494000+00:00,medium_objects,,Find as many circular shapes as possible in the room.,For each second you take to find the next circular shape you get -1 point from the total amount of points (same as the amount of circular shapes).,1,13,14,It's hard to keep track of time and I should have set up the amount of circular shapes in advance.,False,
113,c4bea3VqKksZ7Rd5RdTO,2022-01-24 00:51:42.609000+00:00,few_objects,A ramp facing stacks of blocks creating columns leading to a bucket.,"You roll a ball towards the ramp. The ball has to jump onto each column, bouncing to a next one and finally fall into the bucket.",You get a point if the ball gets into the bucket.,3,1 out of 10,0,"It would work well in real life, but ball physics are weird here.",False,
114,3JgBMLuR3hhyXX7duXxU,2022-01-24 03:52:50.931000+00:00,medium_objects,Move the dog bed into the center of the room,"The game is to stack as many items as possible on the dog bed.  For an item to count, it cannot touch the ground or a wall, only the dog bed.",You get one point for every item that is on the dog bed.,1,6,7,,True,setup
115,ZMqZkrMMB0PcsCeLhQqE,2022-01-24 04:04:13.655000+00:00,medium_objects,Move the ramp to the room center. Place the chair in front of the ramp. Place the teddy bear on the chair. place the basket beyond the ramp and balls in front of the basket.,You jump the chair with the teddy bear and try to get the bear to land in the basket or hit balls placed near.,1 point for each ball hit or 5 for getting the teddy in the basket.,2,2 points,0,"It's not that great honestly.
",False,
116,moftPPoSfP3mG38GT9Vw,2022-01-24 15:08:58.745000+00:00,medium_objects,"Just move the basketball and dodgeball to middle of room, and put the bin on bed or desk",use the 2 balls and try to get them in bin,4 attempts on each ball (dodgeball & basketball) and see  how many you can shoot in the bin,3,0,0,i think i should have moved the bin to a more central point,True,"setup,scoring,difficulty,firstTimeScore"
117,IjyNuz4ApTldgPuoKPtB,2022-01-24 15:10:43.366000+00:00,medium_objects,"To preprare the room for my game, you must put the wodden latter some steps back from the green garbage can, then crouch down and took the small red ball and start throwing it while you are crouch down,",To play my game you must decide how much intensity of force you must use in order to throw in the ball into de garbage can.,"To score my game, 10 points will be if you scored the ball into the garbage can in the first attempt and wihtouht tocuhing the ground. You will get 7 points, if you throw in the ball into the garbage can between de second the fourth attempt and without touching the floor. Finally you will get 5 points if you just throw in the ball in the garbage can. You only have 10 attemps to score.",1,5 ,7,"You can put the garbage can as far as you want, maybe there could change the diffiulty, but it is the same concept: throw in the ball.",True,"setup,scoring"
118,Q1jHN8NAIlds8F5SFBCJ,2022-01-24 16:07:12.112000+00:00,medium_objects,there is no need for a specific initial state,"A game that could be played in this room is the ""eco matchy matchy"" game. During that game you have to put the various blocks on top/next to similar colored surfaces. For example, the green blocks could be put on the green part of the carpet or in the green basket. The light blue block could be put on the bed etc. Extra bonus are given to them that care to reduce the electricity consumption (switch off the lights). ","For ever block that is put on/next/in a matching object 5 points are given. When locating an object is harder (e.g. put a green block on the green basket, put a brown block on a brown drawer) 10 point are given. For the eco friendly participants , 15 points are given for each light that is turned off. Be careful, if you break anything (e.g. a computer, a window) you get a negative score: -10 for every broken object.",2,60,90,,True,"gameplay,scoring"
