,trace_id,arg_1_id,arg_2_id,overlap
0,me2bPEvz4glQ1Q8GSfm8-gameplay-attempt-7-rerecorded,Watch|+03.07|+00.79|-00.45,CD|+02.99|+00.79|-00.37,445
1,me2bPEvz4glQ1Q8GSfm8-gameplay-attempt-7-rerecorded,CD|+02.99|+00.79|-00.37,Watch|+03.07|+00.79|-00.45,445
2,rTVvF1dBAKE8juHCF69f-preCreateGame-rerecorded,TallRectBlock|-02.95|+02.05|-02.31,TallRectBlock|-02.95|+02.05|-02.52,979
3,rTVvF1dBAKE8juHCF69f-preCreateGame-rerecorded,TallRectBlock|-02.95|+02.05|-02.31,TallRectBlock|-02.95|+02.05|-02.52,979
4,rTVvF1dBAKE8juHCF69f-preCreateGame-rerecorded,TallRectBlock|-02.95|+02.05|-02.31,TallRectBlock|-02.95|+02.05|-02.52,979
5,rTVvF1dBAKE8juHCF69f-preCreateGame-rerecorded,TallRectBlock|-02.95|+02.05|-02.31,TallRectBlock|-02.95|+02.05|-02.52,979
6,rTVvF1dBAKE8juHCF69f-preCreateGame-rerecorded,TallRectBlock|-02.95|+02.05|-02.31,TallRectBlock|-02.95|+02.05|-02.52,979
7,rTVvF1dBAKE8juHCF69f-preCreateGame-rerecorded,TallRectBlock|-02.95|+02.05|-02.31,TallRectBlock|-02.95|+02.05|-02.52,979
8,rTVvF1dBAKE8juHCF69f-preCreateGame-rerecorded,TallRectBlock|-02.95|+02.05|-02.31,TallRectBlock|-02.95|+02.05|-02.52,979
9,rTVvF1dBAKE8juHCF69f-preCreateGame-rerecorded,TallRectBlock|-02.95|+02.05|-02.31,TallRectBlock|-02.95|+02.05|-02.52,979
10,rTVvF1dBAKE8juHCF69f-preCreateGame-rerecorded,TallRectBlock|-02.95|+02.05|-02.31,TallRectBlock|-02.95|+02.05|-02.52,979
11,rTVvF1dBAKE8juHCF69f-preCreateGame-rerecorded,TallRectBlock|-02.95|+02.05|-02.31,TallRectBlock|-02.95|+02.05|-02.52,979
12,rTVvF1dBAKE8juHCF69f-preCreateGame-rerecorded,TallRectBlock|-02.95|+02.05|-02.52,TallRectBlock|-02.95|+02.05|-02.31,979
13,rTVvF1dBAKE8juHCF69f-preCreateGame-rerecorded,TallRectBlock|-02.95|+02.05|-02.52,TallRectBlock|-02.95|+02.05|-02.31,979
14,rTVvF1dBAKE8juHCF69f-preCreateGame-rerecorded,TallRectBlock|-02.95|+02.05|-02.31,TallRectBlock|-02.95|+02.05|-02.52,979
15,rTVvF1dBAKE8juHCF69f-preCreateGame-rerecorded,TallRectBlock|-02.95|+02.05|-02.31,TallRectBlock|-02.95|+02.05|-02.52,979
16,rTVvF1dBAKE8juHCF69f-preCreateGame-rerecorded,TallRectBlock|-02.95|+02.05|-02.52,TallRectBlock|-02.95|+02.05|-02.31,979
17,rTVvF1dBAKE8juHCF69f-preCreateGame-rerecorded,TallRectBlock|-02.95|+02.05|-02.52,TallRectBlock|-02.95|+02.05|-02.31,979
18,rTVvF1dBAKE8juHCF69f-preCreateGame-rerecorded,TallRectBlock|-02.95|+02.05|-02.52,TallRectBlock|-02.95|+02.05|-02.31,979
19,rTVvF1dBAKE8juHCF69f-preCreateGame-rerecorded,TallRectBlock|-02.95|+02.05|-02.52,TallRectBlock|-02.95|+02.05|-02.31,979
20,rTVvF1dBAKE8juHCF69f-preCreateGame-rerecorded,TallRectBlock|-02.95|+02.05|-02.52,TallRectBlock|-02.95|+02.05|-02.31,979
21,rTVvF1dBAKE8juHCF69f-preCreateGame-rerecorded,TallRectBlock|-02.95|+02.05|-02.52,TallRectBlock|-02.95|+02.05|-02.31,979
22,rTVvF1dBAKE8juHCF69f-preCreateGame-rerecorded,TallRectBlock|-02.95|+02.05|-02.31,TallRectBlock|-02.95|+02.05|-02.52,979
23,rTVvF1dBAKE8juHCF69f-preCreateGame-rerecorded,TallRectBlock|-02.95|+02.05|-02.31,TallRectBlock|-02.95|+02.05|-02.52,979
24,rTVvF1dBAKE8juHCF69f-preCreateGame-rerecorded,TallRectBlock|-02.95|+02.05|-02.52,TallRectBlock|-02.95|+02.05|-02.31,979
25,rTVvF1dBAKE8juHCF69f-preCreateGame-rerecorded,TallRectBlock|-02.95|+02.05|-02.31,TallRectBlock|-02.95|+02.05|-02.52,979
26,rTVvF1dBAKE8juHCF69f-preCreateGame-rerecorded,TallRectBlock|-02.95|+02.05|-02.52,TallRectBlock|-02.95|+02.05|-02.31,979
27,rTVvF1dBAKE8juHCF69f-preCreateGame-rerecorded,TallRectBlock|-02.95|+02.05|-02.31,TallRectBlock|-02.95|+02.05|-02.52,979
28,rTVvF1dBAKE8juHCF69f-preCreateGame-rerecorded,TallRectBlock|-02.95|+02.05|-02.52,TallRectBlock|-02.95|+02.05|-02.31,979
29,rTVvF1dBAKE8juHCF69f-preCreateGame-rerecorded,TallRectBlock|-02.95|+02.05|-02.52,TallRectBlock|-02.95|+02.05|-02.31,979
30,rTVvF1dBAKE8juHCF69f-preCreateGame-rerecorded,TallRectBlock|-02.95|+02.05|-02.52,TallRectBlock|-02.95|+02.05|-02.31,979
31,rTVvF1dBAKE8juHCF69f-preCreateGame-rerecorded,TallRectBlock|-02.95|+02.05|-02.52,TallRectBlock|-02.95|+02.05|-02.31,979
32,rTVvF1dBAKE8juHCF69f-preCreateGame-rerecorded,TallRectBlock|-02.95|+02.05|-02.52,TallRectBlock|-02.95|+02.05|-02.31,979
33,rTVvF1dBAKE8juHCF69f-preCreateGame-rerecorded,TallRectBlock|-02.95|+02.05|-02.52,TallRectBlock|-02.95|+02.05|-02.31,979
34,izuuOskcJXqeevaNXXPQ-gameplay-attempt-1-rerecorded,Golfball|+01.05|+01.04|-02.70,Golfball|+00.96|+01.04|-02.70,133
35,izuuOskcJXqeevaNXXPQ-gameplay-attempt-1-rerecorded,Golfball|+01.05|+01.04|-02.70,Golfball|+00.96|+01.04|-02.70,133
36,izuuOskcJXqeevaNXXPQ-gameplay-attempt-1-rerecorded,Golfball|+00.96|+01.04|-02.70,Golfball|+01.05|+01.04|-02.70,133
37,izuuOskcJXqeevaNXXPQ-gameplay-attempt-1-rerecorded,Golfball|+00.96|+01.04|-02.70,Golfball|+01.05|+01.04|-02.70,133
38,izuuOskcJXqeevaNXXPQ-gameplay-attempt-1-rerecorded,Golfball|+01.05|+01.04|-02.70,Golfball|+00.96|+01.04|-02.70,133
39,izuuOskcJXqeevaNXXPQ-gameplay-attempt-1-rerecorded,Golfball|+00.96|+01.04|-02.70,Golfball|+01.05|+01.04|-02.70,133
40,jCc0kkmGUg3xUmUSXg5w-preCreateGame-rerecorded,Book|+02.83|+00.41|-00.01,Shelf|+03.13|+00.63|-02.27,8145
41,jCc0kkmGUg3xUmUSXg5w-preCreateGame-rerecorded,Shelf|+03.13|+00.63|-02.27,Book|+02.83|+00.41|-00.01,8145
42,jYnmaydkg4c0KmGFfgp3-preCreateGame-rerecorded,KeyChain|-01.62|+00.60|+00.41,Pen|+03.02|+00.80|-01.85,117
43,jYnmaydkg4c0KmGFfgp3-preCreateGame-rerecorded,Pen|+03.02|+00.80|-01.85,KeyChain|-01.62|+00.60|+00.41,117
44,izuuOskcJXqeevaNXXPQ-gameplay-attempt-1-rerecorded,Golfball|+01.05|+01.04|-02.70,Golfball|+00.96|+01.04|-02.70,133
45,izuuOskcJXqeevaNXXPQ-gameplay-attempt-1-rerecorded,Golfball|+00.96|+01.04|-02.70,Golfball|+01.05|+01.04|-02.70,133
46,izuuOskcJXqeevaNXXPQ-gameplay-attempt-1-rerecorded,Golfball|+01.05|+01.04|-02.70,Golfball|+00.96|+01.04|-02.70,133
47,izuuOskcJXqeevaNXXPQ-gameplay-attempt-1-rerecorded,Golfball|+00.96|+01.04|-02.70,Golfball|+01.05|+01.04|-02.70,133
48,izuuOskcJXqeevaNXXPQ-gameplay-attempt-1-rerecorded,Golfball|+01.05|+01.04|-02.70,Golfball|+00.96|+01.04|-02.70,133
49,izuuOskcJXqeevaNXXPQ-gameplay-attempt-1-rerecorded,Golfball|+00.96|+01.04|-02.70,Golfball|+01.05|+01.04|-02.70,133
50,izuuOskcJXqeevaNXXPQ-gameplay-attempt-1-rerecorded,Golfball|+01.05|+01.04|-02.70,Golfball|+00.96|+01.04|-02.70,133
51,izuuOskcJXqeevaNXXPQ-gameplay-attempt-1-rerecorded,Golfball|+00.96|+01.04|-02.70,Golfball|+01.05|+01.04|-02.70,133
52,izuuOskcJXqeevaNXXPQ-gameplay-attempt-1-rerecorded,Golfball|+01.05|+01.04|-02.70,Golfball|+00.96|+01.04|-02.70,133
53,izuuOskcJXqeevaNXXPQ-gameplay-attempt-1-rerecorded,Golfball|+01.05|+01.04|-02.70,Golfball|+00.96|+01.04|-02.70,133
54,izuuOskcJXqeevaNXXPQ-gameplay-attempt-1-rerecorded,Golfball|+00.96|+01.04|-02.70,Golfball|+01.05|+01.04|-02.70,133
55,izuuOskcJXqeevaNXXPQ-gameplay-attempt-1-rerecorded,Golfball|+00.96|+01.04|-02.70,Golfball|+01.05|+01.04|-02.70,133
56,izuuOskcJXqeevaNXXPQ-gameplay-attempt-1-rerecorded,Golfball|+01.05|+01.04|-02.70,Golfball|+00.96|+01.04|-02.70,133
57,izuuOskcJXqeevaNXXPQ-gameplay-attempt-1-rerecorded,Golfball|+00.96|+01.04|-02.70,Golfball|+01.05|+01.04|-02.70,133
58,izuuOskcJXqeevaNXXPQ-gameplay-attempt-1-rerecorded,Golfball|+01.05|+01.04|-02.70,Golfball|+00.96|+01.04|-02.70,133
59,izuuOskcJXqeevaNXXPQ-gameplay-attempt-1-rerecorded,Golfball|+01.05|+01.04|-02.70,Golfball|+00.96|+01.04|-02.70,133
60,izuuOskcJXqeevaNXXPQ-gameplay-attempt-1-rerecorded,Golfball|+00.96|+01.04|-02.70,Golfball|+01.05|+01.04|-02.70,133
61,izuuOskcJXqeevaNXXPQ-gameplay-attempt-1-rerecorded,Golfball|+00.96|+01.04|-02.70,Golfball|+01.05|+01.04|-02.70,133
62,izuuOskcJXqeevaNXXPQ-gameplay-attempt-1-rerecorded,Golfball|+01.05|+01.04|-02.70,Golfball|+00.96|+01.04|-02.70,133
63,izuuOskcJXqeevaNXXPQ-gameplay-attempt-1-rerecorded,Golfball|+00.96|+01.04|-02.70,Golfball|+01.05|+01.04|-02.70,133
64,izuuOskcJXqeevaNXXPQ-gameplay-attempt-1-rerecorded,Golfball|+01.05|+01.04|-02.70,Golfball|+00.96|+01.04|-02.70,133
65,izuuOskcJXqeevaNXXPQ-gameplay-attempt-1-rerecorded,Golfball|+01.05|+01.04|-02.70,Golfball|+00.96|+01.04|-02.70,133
66,izuuOskcJXqeevaNXXPQ-gameplay-attempt-1-rerecorded,Golfball|+00.96|+01.04|-02.70,Golfball|+01.05|+01.04|-02.70,133
67,izuuOskcJXqeevaNXXPQ-gameplay-attempt-1-rerecorded,Golfball|+00.96|+01.04|-02.70,Golfball|+01.05|+01.04|-02.70,133
68,izuuOskcJXqeevaNXXPQ-gameplay-attempt-1-rerecorded,Golfball|+01.05|+01.04|-02.70,Golfball|+00.96|+01.04|-02.70,133
69,izuuOskcJXqeevaNXXPQ-gameplay-attempt-1-rerecorded,Golfball|+00.96|+01.04|-02.70,Golfball|+01.05|+01.04|-02.70,133
70,730QTwZ02OR88CPpsmSI-gameplay-attempt-2-rerecorded,KeyChain|-01.62|+00.60|+00.41,CellPhone|+02.96|+00.79|-00.93,3309
71,730QTwZ02OR88CPpsmSI-gameplay-attempt-2-rerecorded,CellPhone|+02.96|+00.79|-00.93,KeyChain|-01.62|+00.60|+00.41,3309
72,NJUY0YT1Pq6dZXsmw0wE-createGame-rerecorded,Mug|+03.14|+00.79|-00.87,Watch|+03.07|+00.79|-00.45,2786
73,NJUY0YT1Pq6dZXsmw0wE-createGame-rerecorded,Watch|+03.07|+00.79|-00.45,Mug|+03.14|+00.79|-00.87,2786
74,NJUY0YT1Pq6dZXsmw0wE-gameplay-attempt-2-rerecorded,Pen|+03.02|+00.80|-01.85,CellPhone|+02.96|+00.79|-00.93,1577
75,NJUY0YT1Pq6dZXsmw0wE-gameplay-attempt-2-rerecorded,CellPhone|+02.96|+00.79|-00.93,Pen|+03.02|+00.80|-01.85,1577
76,DfCWVG3I8HkoSioS37gi-preCreateGame-rerecorded,CellPhone|+02.96|+00.79|-00.93,CreditCard|+02.99|+00.79|-01.24,772
77,ZSRiFalssazyXG8Qui4j-preCreateGame-rerecorded,Dodgeball|+00.70|+01.11|-02.80,Dodgeball|+00.44|+01.13|-02.80,120
78,ZSRiFalssazyXG8Qui4j-preCreateGame-rerecorded,Dodgeball|+00.44|+01.13|-02.80,Dodgeball|+00.70|+01.11|-02.80,120
79,ZSRiFalssazyXG8Qui4j-preCreateGame-rerecorded,Dodgeball|+00.70|+01.11|-02.80,Dodgeball|+00.44|+01.13|-02.80,120
80,ZSRiFalssazyXG8Qui4j-preCreateGame-rerecorded,Dodgeball|+00.70|+01.11|-02.80,Dodgeball|+00.44|+01.13|-02.80,120
81,ZSRiFalssazyXG8Qui4j-preCreateGame-rerecorded,Dodgeball|+00.44|+01.13|-02.80,Dodgeball|+00.70|+01.11|-02.80,120
82,ZSRiFalssazyXG8Qui4j-preCreateGame-rerecorded,Dodgeball|+00.44|+01.13|-02.80,Dodgeball|+00.70|+01.11|-02.80,120
83,ZSRiFalssazyXG8Qui4j-preCreateGame-rerecorded,Dodgeball|+00.70|+01.11|-02.80,Dodgeball|+00.44|+01.13|-02.80,120
84,ZSRiFalssazyXG8Qui4j-preCreateGame-rerecorded,Dodgeball|+00.44|+01.13|-02.80,Dodgeball|+00.70|+01.11|-02.80,120
85,DfCWVG3I8HkoSioS37gi-preCreateGame-rerecorded,CreditCard|+02.99|+00.79|-01.24,CellPhone|+02.96|+00.79|-00.93,772
86,ZSRiFalssazyXG8Qui4j-preCreateGame-rerecorded,Dodgeball|+00.70|+01.11|-02.80,Dodgeball|+00.44|+01.13|-02.80,120
87,ZSRiFalssazyXG8Qui4j-preCreateGame-rerecorded,Dodgeball|+00.44|+01.13|-02.80,Dodgeball|+00.70|+01.11|-02.80,120
88,ZSRiFalssazyXG8Qui4j-preCreateGame-rerecorded,Dodgeball|+00.70|+01.11|-02.80,Dodgeball|+00.44|+01.13|-02.80,120
89,ZSRiFalssazyXG8Qui4j-preCreateGame-rerecorded,Dodgeball|+00.70|+01.11|-02.80,Dodgeball|+00.44|+01.13|-02.80,120
90,ZSRiFalssazyXG8Qui4j-preCreateGame-rerecorded,Dodgeball|+00.44|+01.13|-02.80,Dodgeball|+00.70|+01.11|-02.80,120
91,ZSRiFalssazyXG8Qui4j-preCreateGame-rerecorded,Dodgeball|+00.44|+01.13|-02.80,Dodgeball|+00.70|+01.11|-02.80,120
92,ZSRiFalssazyXG8Qui4j-preCreateGame-rerecorded,Dodgeball|+00.70|+01.11|-02.80,Dodgeball|+00.44|+01.13|-02.80,120
93,ZSRiFalssazyXG8Qui4j-preCreateGame-rerecorded,Dodgeball|+00.44|+01.13|-02.80,Dodgeball|+00.70|+01.11|-02.80,120
94,ZSRiFalssazyXG8Qui4j-preCreateGame-rerecorded,Dodgeball|+00.70|+01.11|-02.80,Dodgeball|+00.44|+01.13|-02.80,120
95,ZSRiFalssazyXG8Qui4j-preCreateGame-rerecorded,Dodgeball|+00.44|+01.13|-02.80,Dodgeball|+00.70|+01.11|-02.80,120
96,ZSRiFalssazyXG8Qui4j-preCreateGame-rerecorded,Dodgeball|+00.70|+01.11|-02.80,Dodgeball|+00.44|+01.13|-02.80,120
97,ZSRiFalssazyXG8Qui4j-preCreateGame-rerecorded,Dodgeball|+00.70|+01.11|-02.80,Dodgeball|+00.44|+01.13|-02.80,120
98,ZSRiFalssazyXG8Qui4j-preCreateGame-rerecorded,Dodgeball|+00.44|+01.13|-02.80,Dodgeball|+00.70|+01.11|-02.80,120
99,ZSRiFalssazyXG8Qui4j-preCreateGame-rerecorded,Dodgeball|+00.44|+01.13|-02.80,Dodgeball|+00.70|+01.11|-02.80,120
100,ZSRiFalssazyXG8Qui4j-preCreateGame-rerecorded,Dodgeball|+00.70|+01.11|-02.80,Dodgeball|+00.44|+01.13|-02.80,120
101,ZSRiFalssazyXG8Qui4j-preCreateGame-rerecorded,Dodgeball|+00.44|+01.13|-02.80,Dodgeball|+00.70|+01.11|-02.80,120
102,ZSRiFalssazyXG8Qui4j-preCreateGame-rerecorded,Dodgeball|+00.70|+01.11|-02.80,Dodgeball|+00.44|+01.13|-02.80,120
103,ZSRiFalssazyXG8Qui4j-preCreateGame-rerecorded,Dodgeball|+00.44|+01.13|-02.80,Dodgeball|+00.70|+01.11|-02.80,120
104,ZSRiFalssazyXG8Qui4j-preCreateGame-rerecorded,Dodgeball|+00.70|+01.11|-02.80,Dodgeball|+00.44|+01.13|-02.80,120
105,ZSRiFalssazyXG8Qui4j-preCreateGame-rerecorded,Dodgeball|+00.70|+01.11|-02.80,Dodgeball|+00.44|+01.13|-02.80,120
106,ZSRiFalssazyXG8Qui4j-preCreateGame-rerecorded,Dodgeball|+00.44|+01.13|-02.80,Dodgeball|+00.70|+01.11|-02.80,120
107,ZSRiFalssazyXG8Qui4j-preCreateGame-rerecorded,Dodgeball|+00.44|+01.13|-02.80,Dodgeball|+00.70|+01.11|-02.80,120
108,ZSRiFalssazyXG8Qui4j-preCreateGame-rerecorded,Dodgeball|+00.70|+01.11|-02.80,Dodgeball|+00.44|+01.13|-02.80,120
109,ZSRiFalssazyXG8Qui4j-preCreateGame-rerecorded,Dodgeball|+00.44|+01.13|-02.80,Dodgeball|+00.70|+01.11|-02.80,120
110,G2chsLHjitbS4fASq4vq-preCreateGame-rerecorded,CD|+02.99|+00.79|-00.37,Pen|+03.02|+00.80|-01.85,197
111,G2chsLHjitbS4fASq4vq-preCreateGame-rerecorded,Pen|+03.02|+00.80|-01.85,CD|+02.99|+00.79|-00.37,197
112,G2chsLHjitbS4fASq4vq-preCreateGame-rerecorded,CD|+02.99|+00.79|-00.37,CellPhone|+02.96|+00.79|-00.93,867
113,G2chsLHjitbS4fASq4vq-preCreateGame-rerecorded,CellPhone|+02.96|+00.79|-00.93,Golfball|+00.96|+01.04|-02.70,129
114,G2chsLHjitbS4fASq4vq-preCreateGame-rerecorded,Golfball|+00.96|+01.04|-02.70,CellPhone|+02.96|+00.79|-00.93,129
115,G2chsLHjitbS4fASq4vq-preCreateGame-rerecorded,CellPhone|+02.96|+00.79|-00.93,Golfball|+00.96|+01.04|-02.70,129
116,G2chsLHjitbS4fASq4vq-preCreateGame-rerecorded,Golfball|+00.96|+01.04|-02.70,CellPhone|+02.96|+00.79|-00.93,129
117,G2chsLHjitbS4fASq4vq-preCreateGame-rerecorded,CellPhone|+02.96|+00.79|-00.93,Golfball|+00.96|+01.04|-02.70,129
118,G2chsLHjitbS4fASq4vq-preCreateGame-rerecorded,Golfball|+00.96|+01.04|-02.70,CellPhone|+02.96|+00.79|-00.93,129
119,G2chsLHjitbS4fASq4vq-preCreateGame-rerecorded,CellPhone|+02.96|+00.79|-00.93,Golfball|+00.96|+01.04|-02.70,129
120,G2chsLHjitbS4fASq4vq-preCreateGame-rerecorded,Golfball|+00.96|+01.04|-02.70,CellPhone|+02.96|+00.79|-00.93,129
121,G2chsLHjitbS4fASq4vq-preCreateGame-rerecorded,CellPhone|+02.96|+00.79|-00.93,CD|+02.99|+00.79|-00.37,867
